srtm_01_02.tif,https://srtm.csi.cgiar.org/wp-content/uploads/files/srtm_5x5/TIFF/srtm_01_02.zip
srtm_01_07.tif,https://srtm.csi.cgiar.org/wp-content/uploads/files/srtm_5x5/TIFF/srtm_01_07.zip
srtm_01_12.tif,https://srtm.csi.cgiar.org/wp-content/uploads/files/srtm_5x5/TIFF/srtm_01_12.zip
srtm_01_15.tif,https://srtm.csi.cgiar.org/wp-content/uploads/files/srtm_5x5/TIFF/srtm_01_15.zip
srtm_01_16.tif,https://srtm.csi.cgiar.org/wp-content/uploads/files/srtm_5x5/TIFF/srtm_01_16.zip
srtm_01_17.tif,https://srtm.csi.cgiar.org/wp-content/uploads/files/srtm_5x5/TIFF/srtm_01_17.zip
srtm_01_18.tif,https://srtm.csi.cgiar.org/wp-content/uploads/files/srtm_5x5/TIFF/srtm_01_18.zip
srtm_01_19.tif,https://srtm.csi.cgiar.org/wp-content/uploads/files/srtm_5x5/TIFF/srtm_01_19.zip
srtm_01_21.tif,https://srtm.csi.cgiar.org/wp-content/uploads/files/srtm_5x5/TIFF/srtm_01_21.zip
srtm_02_01.tif,https://srtm.csi.cgiar.org/wp-content/uploads/files/srtm_5x5/TIFF/srtm_02_01.zip
srtm_02_02.tif,https://srtm.csi.cgiar.org/wp-content/uploads/files/srtm_5x5/TIFF/srtm_02_02.zip
srtm_02_07.tif,https://srtm.csi.cgiar.org/wp-content/uploads/files/srtm_5x5/TIFF/srtm_02_07.zip
srtm_02_13.tif,https://srtm.csi.cgiar.org/wp-content/uploads/files/srtm_5x5/TIFF/srtm_02_13.zip
srtm_02_14.tif,https://srtm.csi.cgiar.org/wp-content/uploads/files/srtm_5x5/TIFF/srtm_02_14.zip
srtm_02_15.tif,https://srtm.csi.cgiar.org/wp-content/uploads/files/srtm_5x5/TIFF/srtm_02_15.zip
srtm_02_16.tif,https://srtm.csi.cgiar.org/wp-content/uploads/files/srtm_5x5/TIFF/srtm_02_16.zip
srtm_02_17.tif,https://srtm.csi.cgiar.org/wp-content/uploads/files/srtm_5x5/TIFF/srtm_02_17.zip
srtm_03_01.tif,https://srtm.csi.cgiar.org/wp-content/uploads/files/srtm_5x5/TIFF/srtm_03_01.zip
srtm_03_02.tif,https://srtm.csi.cgiar.org/wp-content/uploads/files/srtm_5x5/TIFF/srtm_03_02.zip
srtm_03_08.tif,https://srtm.csi.cgiar.org/wp-content/uploads/files/srtm_5x5/TIFF/srtm_03_08.zip
srtm_03_09.tif,https://srtm.csi.cgiar.org/wp-content/uploads/files/srtm_5x5/TIFF/srtm_03_09.zip
srtm_03_15.tif,https://srtm.csi.cgiar.org/wp-content/uploads/files/srtm_5x5/TIFF/srtm_03_15.zip
srtm_03_16.tif,https://srtm.csi.cgiar.org/wp-content/uploads/files/srtm_5x5/TIFF/srtm_03_16.zip
srtm_04_01.tif,https://srtm.csi.cgiar.org/wp-content/uploads/files/srtm_5x5/TIFF/srtm_04_01.zip
srtm_04_02.tif,https://srtm.csi.cgiar.org/wp-content/uploads/files/srtm_5x5/TIFF/srtm_04_02.zip
srtm_04_08.tif,https://srtm.csi.cgiar.org/wp-content/uploads/files/srtm_5x5/TIFF/srtm_04_08.zip
srtm_04_11.tif,https://srtm.csi.cgiar.org/wp-content/uploads/files/srtm_5x5/TIFF/srtm_04_11.zip
srtm_04_12.tif,https://srtm.csi.cgiar.org/wp-content/uploads/files/srtm_5x5/TIFF/srtm_04_12.zip
srtm_04_14.tif,https://srtm.csi.cgiar.org/wp-content/uploads/files/srtm_5x5/TIFF/srtm_04_14.zip
srtm_04_15.tif,https://srtm.csi.cgiar.org/wp-content/uploads/files/srtm_5x5/TIFF/srtm_04_15.zip
srtm_04_16.tif,https://srtm.csi.cgiar.org/wp-content/uploads/files/srtm_5x5/TIFF/srtm_04_16.zip
srtm_05_01.tif,https://srtm.csi.cgiar.org/wp-content/uploads/files/srtm_5x5/TIFF/srtm_05_01.zip
srtm_05_02.tif,https://srtm.csi.cgiar.org/wp-content/uploads/files/srtm_5x5/TIFF/srtm_05_02.zip
srtm_05_08.tif,https://srtm.csi.cgiar.org/wp-content/uploads/files/srtm_5x5/TIFF/srtm_05_08.zip
srtm_05_09.tif,https://srtm.csi.cgiar.org/wp-content/uploads/files/srtm_5x5/TIFF/srtm_05_09.zip
srtm_05_12.tif,https://srtm.csi.cgiar.org/wp-content/uploads/files/srtm_5x5/TIFF/srtm_05_12.zip
srtm_05_14.tif,https://srtm.csi.cgiar.org/wp-content/uploads/files/srtm_5x5/TIFF/srtm_05_14.zip
srtm_05_16.tif,https://srtm.csi.cgiar.org/wp-content/uploads/files/srtm_5x5/TIFF/srtm_05_16.zip
srtm_05_17.tif,https://srtm.csi.cgiar.org/wp-content/uploads/files/srtm_5x5/TIFF/srtm_05_17.zip
srtm_06_01.tif,https://srtm.csi.cgiar.org/wp-content/uploads/files/srtm_5x5/TIFF/srtm_06_01.zip
srtm_06_09.tif,https://srtm.csi.cgiar.org/wp-content/uploads/files/srtm_5x5/TIFF/srtm_06_09.zip
srtm_06_13.tif,https://srtm.csi.cgiar.org/wp-content/uploads/files/srtm_5x5/TIFF/srtm_06_13.zip
srtm_06_14.tif,https://srtm.csi.cgiar.org/wp-content/uploads/files/srtm_5x5/TIFF/srtm_06_14.zip
srtm_06_15.tif,https://srtm.csi.cgiar.org/wp-content/uploads/files/srtm_5x5/TIFF/srtm_06_15.zip
srtm_06_16.tif,https://srtm.csi.cgiar.org/wp-content/uploads/files/srtm_5x5/TIFF/srtm_06_16.zip
srtm_06_17.tif,https://srtm.csi.cgiar.org/wp-content/uploads/files/srtm_5x5/TIFF/srtm_06_17.zip
srtm_07_01.tif,https://srtm.csi.cgiar.org/wp-content/uploads/files/srtm_5x5/TIFF/srtm_07_01.zip
srtm_07_15.tif,https://srtm.csi.cgiar.org/wp-content/uploads/files/srtm_5x5/TIFF/srtm_07_15.zip
srtm_07_16.tif,https://srtm.csi.cgiar.org/wp-content/uploads/files/srtm_5x5/TIFF/srtm_07_16.zip
srtm_07_17.tif,https://srtm.csi.cgiar.org/wp-content/uploads/files/srtm_5x5/TIFF/srtm_07_17.zip
srtm_08_01.tif,https://srtm.csi.cgiar.org/wp-content/uploads/files/srtm_5x5/TIFF/srtm_08_01.zip
srtm_08_14.tif,https://srtm.csi.cgiar.org/wp-content/uploads/files/srtm_5x5/TIFF/srtm_08_14.zip
srtm_08_15.tif,https://srtm.csi.cgiar.org/wp-content/uploads/files/srtm_5x5/TIFF/srtm_08_15.zip
srtm_08_16.tif,https://srtm.csi.cgiar.org/wp-content/uploads/files/srtm_5x5/TIFF/srtm_08_16.zip
srtm_08_17.tif,https://srtm.csi.cgiar.org/wp-content/uploads/files/srtm_5x5/TIFF/srtm_08_17.zip
srtm_08_18.tif,https://srtm.csi.cgiar.org/wp-content/uploads/files/srtm_5x5/TIFF/srtm_08_18.zip
srtm_09_01.tif,https://srtm.csi.cgiar.org/wp-content/uploads/files/srtm_5x5/TIFF/srtm_09_01.zip
srtm_09_14.tif,https://srtm.csi.cgiar.org/wp-content/uploads/files/srtm_5x5/TIFF/srtm_09_14.zip
srtm_09_15.tif,https://srtm.csi.cgiar.org/wp-content/uploads/files/srtm_5x5/TIFF/srtm_09_15.zip
srtm_09_16.tif,https://srtm.csi.cgiar.org/wp-content/uploads/files/srtm_5x5/TIFF/srtm_09_16.zip
srtm_09_17.tif,https://srtm.csi.cgiar.org/wp-content/uploads/files/srtm_5x5/TIFF/srtm_09_17.zip
srtm_10_01.tif,https://srtm.csi.cgiar.org/wp-content/uploads/files/srtm_5x5/TIFF/srtm_10_01.zip
srtm_10_02.tif,https://srtm.csi.cgiar.org/wp-content/uploads/files/srtm_5x5/TIFF/srtm_10_02.zip
srtm_10_17.tif,https://srtm.csi.cgiar.org/wp-content/uploads/files/srtm_5x5/TIFF/srtm_10_17.zip
srtm_10_18.tif,https://srtm.csi.cgiar.org/wp-content/uploads/files/srtm_5x5/TIFF/srtm_10_18.zip
srtm_11_01.tif,https://srtm.csi.cgiar.org/wp-content/uploads/files/srtm_5x5/TIFF/srtm_11_01.zip
srtm_11_02.tif,https://srtm.csi.cgiar.org/wp-content/uploads/files/srtm_5x5/TIFF/srtm_11_02.zip
srtm_11_03.tif,https://srtm.csi.cgiar.org/wp-content/uploads/files/srtm_5x5/TIFF/srtm_11_03.zip
srtm_11_17.tif,https://srtm.csi.cgiar.org/wp-content/uploads/files/srtm_5x5/TIFF/srtm_11_17.zip
srtm_12_01.tif,https://srtm.csi.cgiar.org/wp-content/uploads/files/srtm_5x5/TIFF/srtm_12_01.zip
srtm_12_02.tif,https://srtm.csi.cgiar.org/wp-content/uploads/files/srtm_5x5/TIFF/srtm_12_02.zip
srtm_12_03.tif,https://srtm.csi.cgiar.org/wp-content/uploads/files/srtm_5x5/TIFF/srtm_12_03.zip
srtm_12_04.tif,https://srtm.csi.cgiar.org/wp-content/uploads/files/srtm_5x5/TIFF/srtm_12_04.zip
srtm_12_05.tif,https://srtm.csi.cgiar.org/wp-content/uploads/files/srtm_5x5/TIFF/srtm_12_05.zip
srtm_12_06.tif,https://srtm.csi.cgiar.org/wp-content/uploads/files/srtm_5x5/TIFF/srtm_12_06.zip
srtm_12_17.tif,https://srtm.csi.cgiar.org/wp-content/uploads/files/srtm_5x5/TIFF/srtm_12_17.zip
srtm_13_01.tif,https://srtm.csi.cgiar.org/wp-content/uploads/files/srtm_5x5/TIFF/srtm_13_01.zip
srtm_13_02.tif,https://srtm.csi.cgiar.org/wp-content/uploads/files/srtm_5x5/TIFF/srtm_13_02.zip
srtm_13_03.tif,https://srtm.csi.cgiar.org/wp-content/uploads/files/srtm_5x5/TIFF/srtm_13_03.zip
srtm_13_04.tif,https://srtm.csi.cgiar.org/wp-content/uploads/files/srtm_5x5/TIFF/srtm_13_04.zip
srtm_13_05.tif,https://srtm.csi.cgiar.org/wp-content/uploads/files/srtm_5x5/TIFF/srtm_13_05.zip
srtm_13_06.tif,https://srtm.csi.cgiar.org/wp-content/uploads/files/srtm_5x5/TIFF/srtm_13_06.zip
srtm_13_07.tif,https://srtm.csi.cgiar.org/wp-content/uploads/files/srtm_5x5/TIFF/srtm_13_07.zip
srtm_13_08.tif,https://srtm.csi.cgiar.org/wp-content/uploads/files/srtm_5x5/TIFF/srtm_13_08.zip
srtm_14_01.tif,https://srtm.csi.cgiar.org/wp-content/uploads/files/srtm_5x5/TIFF/srtm_14_01.zip
srtm_14_02.tif,https://srtm.csi.cgiar.org/wp-content/uploads/files/srtm_5x5/TIFF/srtm_14_02.zip
srtm_14_03.tif,https://srtm.csi.cgiar.org/wp-content/uploads/files/srtm_5x5/TIFF/srtm_14_03.zip
srtm_14_04.tif,https://srtm.csi.cgiar.org/wp-content/uploads/files/srtm_5x5/TIFF/srtm_14_04.zip
srtm_14_05.tif,https://srtm.csi.cgiar.org/wp-content/uploads/files/srtm_5x5/TIFF/srtm_14_05.zip
srtm_14_06.tif,https://srtm.csi.cgiar.org/wp-content/uploads/files/srtm_5x5/TIFF/srtm_14_06.zip
srtm_14_07.tif,https://srtm.csi.cgiar.org/wp-content/uploads/files/srtm_5x5/TIFF/srtm_14_07.zip
srtm_14_08.tif,https://srtm.csi.cgiar.org/wp-content/uploads/files/srtm_5x5/TIFF/srtm_14_08.zip
srtm_14_09.tif,https://srtm.csi.cgiar.org/wp-content/uploads/files/srtm_5x5/TIFF/srtm_14_09.zip
srtm_15_01.tif,https://srtm.csi.cgiar.org/wp-content/uploads/files/srtm_5x5/TIFF/srtm_15_01.zip
srtm_15_02.tif,https://srtm.csi.cgiar.org/wp-content/uploads/files/srtm_5x5/TIFF/srtm_15_02.zip
srtm_15_03.tif,https://srtm.csi.cgiar.org/wp-content/uploads/files/srtm_5x5/TIFF/srtm_15_03.zip
srtm_15_04.tif,https://srtm.csi.cgiar.org/wp-content/uploads/files/srtm_5x5/TIFF/srtm_15_04.zip
srtm_15_05.tif,https://srtm.csi.cgiar.org/wp-content/uploads/files/srtm_5x5/TIFF/srtm_15_05.zip
srtm_15_06.tif,https://srtm.csi.cgiar.org/wp-content/uploads/files/srtm_5x5/TIFF/srtm_15_06.zip
srtm_15_07.tif,https://srtm.csi.cgiar.org/wp-content/uploads/files/srtm_5x5/TIFF/srtm_15_07.zip
srtm_15_08.tif,https://srtm.csi.cgiar.org/wp-content/uploads/files/srtm_5x5/TIFF/srtm_15_08.zip
srtm_15_09.tif,https://srtm.csi.cgiar.org/wp-content/uploads/files/srtm_5x5/TIFF/srtm_15_09.zip
srtm_15_10.tif,https://srtm.csi.cgiar.org/wp-content/uploads/files/srtm_5x5/TIFF/srtm_15_10.zip
srtm_15_18.tif,https://srtm.csi.cgiar.org/wp-content/uploads/files/srtm_5x5/TIFF/srtm_15_18.zip
srtm_16_01.tif,https://srtm.csi.cgiar.org/wp-content/uploads/files/srtm_5x5/TIFF/srtm_16_01.zip
srtm_16_02.tif,https://srtm.csi.cgiar.org/wp-content/uploads/files/srtm_5x5/TIFF/srtm_16_02.zip
srtm_16_03.tif,https://srtm.csi.cgiar.org/wp-content/uploads/files/srtm_5x5/TIFF/srtm_16_03.zip
srtm_16_04.tif,https://srtm.csi.cgiar.org/wp-content/uploads/files/srtm_5x5/TIFF/srtm_16_04.zip
srtm_16_05.tif,https://srtm.csi.cgiar.org/wp-content/uploads/files/srtm_5x5/TIFF/srtm_16_05.zip
srtm_16_06.tif,https://srtm.csi.cgiar.org/wp-content/uploads/files/srtm_5x5/TIFF/srtm_16_06.zip
srtm_16_07.tif,https://srtm.csi.cgiar.org/wp-content/uploads/files/srtm_5x5/TIFF/srtm_16_07.zip
srtm_16_08.tif,https://srtm.csi.cgiar.org/wp-content/uploads/files/srtm_5x5/TIFF/srtm_16_08.zip
srtm_16_09.tif,https://srtm.csi.cgiar.org/wp-content/uploads/files/srtm_5x5/TIFF/srtm_16_09.zip
srtm_17_01.tif,https://srtm.csi.cgiar.org/wp-content/uploads/files/srtm_5x5/TIFF/srtm_17_01.zip
srtm_17_02.tif,https://srtm.csi.cgiar.org/wp-content/uploads/files/srtm_5x5/TIFF/srtm_17_02.zip
srtm_17_03.tif,https://srtm.csi.cgiar.org/wp-content/uploads/files/srtm_5x5/TIFF/srtm_17_03.zip
srtm_17_04.tif,https://srtm.csi.cgiar.org/wp-content/uploads/files/srtm_5x5/TIFF/srtm_17_04.zip
srtm_17_05.tif,https://srtm.csi.cgiar.org/wp-content/uploads/files/srtm_5x5/TIFF/srtm_17_05.zip
srtm_17_06.tif,https://srtm.csi.cgiar.org/wp-content/uploads/files/srtm_5x5/TIFF/srtm_17_06.zip
srtm_17_07.tif,https://srtm.csi.cgiar.org/wp-content/uploads/files/srtm_5x5/TIFF/srtm_17_07.zip
srtm_17_08.tif,https://srtm.csi.cgiar.org/wp-content/uploads/files/srtm_5x5/TIFF/srtm_17_08.zip
srtm_17_09.tif,https://srtm.csi.cgiar.org/wp-content/uploads/files/srtm_5x5/TIFF/srtm_17_09.zip
srtm_18_01.tif,https://srtm.csi.cgiar.org/wp-content/uploads/files/srtm_5x5/TIFF/srtm_18_01.zip
srtm_18_02.tif,https://srtm.csi.cgiar.org/wp-content/uploads/files/srtm_5x5/TIFF/srtm_18_02.zip
srtm_18_03.tif,https://srtm.csi.cgiar.org/wp-content/uploads/files/srtm_5x5/TIFF/srtm_18_03.zip
srtm_18_04.tif,https://srtm.csi.cgiar.org/wp-content/uploads/files/srtm_5x5/TIFF/srtm_18_04.zip
srtm_18_05.tif,https://srtm.csi.cgiar.org/wp-content/uploads/files/srtm_5x5/TIFF/srtm_18_05.zip
srtm_18_06.tif,https://srtm.csi.cgiar.org/wp-content/uploads/files/srtm_5x5/TIFF/srtm_18_06.zip
srtm_18_07.tif,https://srtm.csi.cgiar.org/wp-content/uploads/files/srtm_5x5/TIFF/srtm_18_07.zip
srtm_18_08.tif,https://srtm.csi.cgiar.org/wp-content/uploads/files/srtm_5x5/TIFF/srtm_18_08.zip
srtm_18_09.tif,https://srtm.csi.cgiar.org/wp-content/uploads/files/srtm_5x5/TIFF/srtm_18_09.zip
srtm_18_10.tif,https://srtm.csi.cgiar.org/wp-content/uploads/files/srtm_5x5/TIFF/srtm_18_10.zip
srtm_18_12.tif,https://srtm.csi.cgiar.org/wp-content/uploads/files/srtm_5x5/TIFF/srtm_18_12.zip
srtm_18_13.tif,https://srtm.csi.cgiar.org/wp-content/uploads/files/srtm_5x5/TIFF/srtm_18_13.zip
srtm_19_01.tif,https://srtm.csi.cgiar.org/wp-content/uploads/files/srtm_5x5/TIFF/srtm_19_01.zip
srtm_19_02.tif,https://srtm.csi.cgiar.org/wp-content/uploads/files/srtm_5x5/TIFF/srtm_19_02.zip
srtm_19_03.tif,https://srtm.csi.cgiar.org/wp-content/uploads/files/srtm_5x5/TIFF/srtm_19_03.zip
srtm_19_04.tif,https://srtm.csi.cgiar.org/wp-content/uploads/files/srtm_5x5/TIFF/srtm_19_04.zip
srtm_19_05.tif,https://srtm.csi.cgiar.org/wp-content/uploads/files/srtm_5x5/TIFF/srtm_19_05.zip
srtm_19_06.tif,https://srtm.csi.cgiar.org/wp-content/uploads/files/srtm_5x5/TIFF/srtm_19_06.zip
srtm_19_07.tif,https://srtm.csi.cgiar.org/wp-content/uploads/files/srtm_5x5/TIFF/srtm_19_07.zip
srtm_19_08.tif,https://srtm.csi.cgiar.org/wp-content/uploads/files/srtm_5x5/TIFF/srtm_19_08.zip
srtm_19_09.tif,https://srtm.csi.cgiar.org/wp-content/uploads/files/srtm_5x5/TIFF/srtm_19_09.zip
srtm_19_10.tif,https://srtm.csi.cgiar.org/wp-content/uploads/files/srtm_5x5/TIFF/srtm_19_10.zip
srtm_19_11.tif,https://srtm.csi.cgiar.org/wp-content/uploads/files/srtm_5x5/TIFF/srtm_19_11.zip
srtm_19_12.tif,https://srtm.csi.cgiar.org/wp-content/uploads/files/srtm_5x5/TIFF/srtm_19_12.zip
srtm_19_13.tif,https://srtm.csi.cgiar.org/wp-content/uploads/files/srtm_5x5/TIFF/srtm_19_13.zip
srtm_20_01.tif,https://srtm.csi.cgiar.org/wp-content/uploads/files/srtm_5x5/TIFF/srtm_20_01.zip
srtm_20_02.tif,https://srtm.csi.cgiar.org/wp-content/uploads/files/srtm_5x5/TIFF/srtm_20_02.zip
srtm_20_03.tif,https://srtm.csi.cgiar.org/wp-content/uploads/files/srtm_5x5/TIFF/srtm_20_03.zip
srtm_20_04.tif,https://srtm.csi.cgiar.org/wp-content/uploads/files/srtm_5x5/TIFF/srtm_20_04.zip
srtm_20_05.tif,https://srtm.csi.cgiar.org/wp-content/uploads/files/srtm_5x5/TIFF/srtm_20_05.zip
srtm_20_06.tif,https://srtm.csi.cgiar.org/wp-content/uploads/files/srtm_5x5/TIFF/srtm_20_06.zip
srtm_20_07.tif,https://srtm.csi.cgiar.org/wp-content/uploads/files/srtm_5x5/TIFF/srtm_20_07.zip
srtm_20_08.tif,https://srtm.csi.cgiar.org/wp-content/uploads/files/srtm_5x5/TIFF/srtm_20_08.zip
srtm_20_09.tif,https://srtm.csi.cgiar.org/wp-content/uploads/files/srtm_5x5/TIFF/srtm_20_09.zip
srtm_20_10.tif,https://srtm.csi.cgiar.org/wp-content/uploads/files/srtm_5x5/TIFF/srtm_20_10.zip
srtm_20_11.tif,https://srtm.csi.cgiar.org/wp-content/uploads/files/srtm_5x5/TIFF/srtm_20_11.zip
srtm_20_12.tif,https://srtm.csi.cgiar.org/wp-content/uploads/files/srtm_5x5/TIFF/srtm_20_12.zip
srtm_20_13.tif,https://srtm.csi.cgiar.org/wp-content/uploads/files/srtm_5x5/TIFF/srtm_20_13.zip
srtm_20_14.tif,https://srtm.csi.cgiar.org/wp-content/uploads/files/srtm_5x5/TIFF/srtm_20_14.zip
srtm_20_18.tif,https://srtm.csi.cgiar.org/wp-content/uploads/files/srtm_5x5/TIFF/srtm_20_18.zip
srtm_20_19.tif,https://srtm.csi.cgiar.org/wp-content/uploads/files/srtm_5x5/TIFF/srtm_20_19.zip
srtm_21_01.tif,https://srtm.csi.cgiar.org/wp-content/uploads/files/srtm_5x5/TIFF/srtm_21_01.zip
srtm_21_02.tif,https://srtm.csi.cgiar.org/wp-content/uploads/files/srtm_5x5/TIFF/srtm_21_02.zip
srtm_21_03.tif,https://srtm.csi.cgiar.org/wp-content/uploads/files/srtm_5x5/TIFF/srtm_21_03.zip
srtm_21_04.tif,https://srtm.csi.cgiar.org/wp-content/uploads/files/srtm_5x5/TIFF/srtm_21_04.zip
srtm_21_05.tif,https://srtm.csi.cgiar.org/wp-content/uploads/files/srtm_5x5/TIFF/srtm_21_05.zip
srtm_21_06.tif,https://srtm.csi.cgiar.org/wp-content/uploads/files/srtm_5x5/TIFF/srtm_21_06.zip
srtm_21_07.tif,https://srtm.csi.cgiar.org/wp-content/uploads/files/srtm_5x5/TIFF/srtm_21_07.zip
srtm_21_08.tif,https://srtm.csi.cgiar.org/wp-content/uploads/files/srtm_5x5/TIFF/srtm_21_08.zip
srtm_21_09.tif,https://srtm.csi.cgiar.org/wp-content/uploads/files/srtm_5x5/TIFF/srtm_21_09.zip
srtm_21_10.tif,https://srtm.csi.cgiar.org/wp-content/uploads/files/srtm_5x5/TIFF/srtm_21_10.zip
srtm_21_11.tif,https://srtm.csi.cgiar.org/wp-content/uploads/files/srtm_5x5/TIFF/srtm_21_11.zip
srtm_21_12.tif,https://srtm.csi.cgiar.org/wp-content/uploads/files/srtm_5x5/TIFF/srtm_21_12.zip
srtm_21_13.tif,https://srtm.csi.cgiar.org/wp-content/uploads/files/srtm_5x5/TIFF/srtm_21_13.zip
srtm_21_14.tif,https://srtm.csi.cgiar.org/wp-content/uploads/files/srtm_5x5/TIFF/srtm_21_14.zip
srtm_21_15.tif,https://srtm.csi.cgiar.org/wp-content/uploads/files/srtm_5x5/TIFF/srtm_21_15.zip
srtm_21_16.tif,https://srtm.csi.cgiar.org/wp-content/uploads/files/srtm_5x5/TIFF/srtm_21_16.zip
srtm_21_18.tif,https://srtm.csi.cgiar.org/wp-content/uploads/files/srtm_5x5/TIFF/srtm_21_18.zip
srtm_21_19.tif,https://srtm.csi.cgiar.org/wp-content/uploads/files/srtm_5x5/TIFF/srtm_21_19.zip
srtm_21_21.tif,https://srtm.csi.cgiar.org/wp-content/uploads/files/srtm_5x5/TIFF/srtm_21_21.zip
srtm_21_22.tif,https://srtm.csi.cgiar.org/wp-content/uploads/files/srtm_5x5/TIFF/srtm_21_22.zip
srtm_21_23.tif,https://srtm.csi.cgiar.org/wp-content/uploads/files/srtm_5x5/TIFF/srtm_21_23.zip
srtm_22_01.tif,https://srtm.csi.cgiar.org/wp-content/uploads/files/srtm_5x5/TIFF/srtm_22_01.zip
srtm_22_02.tif,https://srtm.csi.cgiar.org/wp-content/uploads/files/srtm_5x5/TIFF/srtm_22_02.zip
srtm_22_03.tif,https://srtm.csi.cgiar.org/wp-content/uploads/files/srtm_5x5/TIFF/srtm_22_03.zip
srtm_22_04.tif,https://srtm.csi.cgiar.org/wp-content/uploads/files/srtm_5x5/TIFF/srtm_22_04.zip
srtm_22_05.tif,https://srtm.csi.cgiar.org/wp-content/uploads/files/srtm_5x5/TIFF/srtm_22_05.zip
srtm_22_08.tif,https://srtm.csi.cgiar.org/wp-content/uploads/files/srtm_5x5/TIFF/srtm_22_08.zip
srtm_22_09.tif,https://srtm.csi.cgiar.org/wp-content/uploads/files/srtm_5x5/TIFF/srtm_22_09.zip
srtm_22_10.tif,https://srtm.csi.cgiar.org/wp-content/uploads/files/srtm_5x5/TIFF/srtm_22_10.zip
srtm_22_11.tif,https://srtm.csi.cgiar.org/wp-content/uploads/files/srtm_5x5/TIFF/srtm_22_11.zip
srtm_22_12.tif,https://srtm.csi.cgiar.org/wp-content/uploads/files/srtm_5x5/TIFF/srtm_22_12.zip
srtm_22_13.tif,https://srtm.csi.cgiar.org/wp-content/uploads/files/srtm_5x5/TIFF/srtm_22_13.zip
srtm_22_14.tif,https://srtm.csi.cgiar.org/wp-content/uploads/files/srtm_5x5/TIFF/srtm_22_14.zip
srtm_22_15.tif,https://srtm.csi.cgiar.org/wp-content/uploads/files/srtm_5x5/TIFF/srtm_22_15.zip
srtm_22_16.tif,https://srtm.csi.cgiar.org/wp-content/uploads/files/srtm_5x5/TIFF/srtm_22_16.zip
srtm_22_17.tif,https://srtm.csi.cgiar.org/wp-content/uploads/files/srtm_5x5/TIFF/srtm_22_17.zip
srtm_22_18.tif,https://srtm.csi.cgiar.org/wp-content/uploads/files/srtm_5x5/TIFF/srtm_22_18.zip
srtm_22_19.tif,https://srtm.csi.cgiar.org/wp-content/uploads/files/srtm_5x5/TIFF/srtm_22_19.zip
srtm_22_20.tif,https://srtm.csi.cgiar.org/wp-content/uploads/files/srtm_5x5/TIFF/srtm_22_20.zip
srtm_22_21.tif,https://srtm.csi.cgiar.org/wp-content/uploads/files/srtm_5x5/TIFF/srtm_22_21.zip
srtm_22_22.tif,https://srtm.csi.cgiar.org/wp-content/uploads/files/srtm_5x5/TIFF/srtm_22_22.zip
srtm_22_23.tif,https://srtm.csi.cgiar.org/wp-content/uploads/files/srtm_5x5/TIFF/srtm_22_23.zip
srtm_22_24.tif,https://srtm.csi.cgiar.org/wp-content/uploads/files/srtm_5x5/TIFF/srtm_22_24.zip
srtm_23_01.tif,https://srtm.csi.cgiar.org/wp-content/uploads/files/srtm_5x5/TIFF/srtm_23_01.zip
srtm_23_02.tif,https://srtm.csi.cgiar.org/wp-content/uploads/files/srtm_5x5/TIFF/srtm_23_02.zip
srtm_23_03.tif,https://srtm.csi.cgiar.org/wp-content/uploads/files/srtm_5x5/TIFF/srtm_23_03.zip
srtm_23_04.tif,https://srtm.csi.cgiar.org/wp-content/uploads/files/srtm_5x5/TIFF/srtm_23_04.zip
srtm_23_09.tif,https://srtm.csi.cgiar.org/wp-content/uploads/files/srtm_5x5/TIFF/srtm_23_09.zip
srtm_23_10.tif,https://srtm.csi.cgiar.org/wp-content/uploads/files/srtm_5x5/TIFF/srtm_23_10.zip
srtm_23_11.tif,https://srtm.csi.cgiar.org/wp-content/uploads/files/srtm_5x5/TIFF/srtm_23_11.zip
srtm_23_12.tif,https://srtm.csi.cgiar.org/wp-content/uploads/files/srtm_5x5/TIFF/srtm_23_12.zip
srtm_23_13.tif,https://srtm.csi.cgiar.org/wp-content/uploads/files/srtm_5x5/TIFF/srtm_23_13.zip
srtm_23_14.tif,https://srtm.csi.cgiar.org/wp-content/uploads/files/srtm_5x5/TIFF/srtm_23_14.zip
srtm_23_15.tif,https://srtm.csi.cgiar.org/wp-content/uploads/files/srtm_5x5/TIFF/srtm_23_15.zip
srtm_23_16.tif,https://srtm.csi.cgiar.org/wp-content/uploads/files/srtm_5x5/TIFF/srtm_23_16.zip
srtm_23_17.tif,https://srtm.csi.cgiar.org/wp-content/uploads/files/srtm_5x5/TIFF/srtm_23_17.zip
srtm_23_18.tif,https://srtm.csi.cgiar.org/wp-content/uploads/files/srtm_5x5/TIFF/srtm_23_18.zip
srtm_23_19.tif,https://srtm.csi.cgiar.org/wp-content/uploads/files/srtm_5x5/TIFF/srtm_23_19.zip
srtm_23_20.tif,https://srtm.csi.cgiar.org/wp-content/uploads/files/srtm_5x5/TIFF/srtm_23_20.zip
srtm_23_21.tif,https://srtm.csi.cgiar.org/wp-content/uploads/files/srtm_5x5/TIFF/srtm_23_21.zip
srtm_23_22.tif,https://srtm.csi.cgiar.org/wp-content/uploads/files/srtm_5x5/TIFF/srtm_23_22.zip
srtm_23_23.tif,https://srtm.csi.cgiar.org/wp-content/uploads/files/srtm_5x5/TIFF/srtm_23_23.zip
srtm_23_24.tif,https://srtm.csi.cgiar.org/wp-content/uploads/files/srtm_5x5/TIFF/srtm_23_24.zip
srtm_24_01.tif,https://srtm.csi.cgiar.org/wp-content/uploads/files/srtm_5x5/TIFF/srtm_24_01.zip
srtm_24_02.tif,https://srtm.csi.cgiar.org/wp-content/uploads/files/srtm_5x5/TIFF/srtm_24_02.zip
srtm_24_03.tif,https://srtm.csi.cgiar.org/wp-content/uploads/files/srtm_5x5/TIFF/srtm_24_03.zip
srtm_24_04.tif,https://srtm.csi.cgiar.org/wp-content/uploads/files/srtm_5x5/TIFF/srtm_24_04.zip
srtm_24_06.tif,https://srtm.csi.cgiar.org/wp-content/uploads/files/srtm_5x5/TIFF/srtm_24_06.zip
srtm_24_09.tif,https://srtm.csi.cgiar.org/wp-content/uploads/files/srtm_5x5/TIFF/srtm_24_09.zip
srtm_24_10.tif,https://srtm.csi.cgiar.org/wp-content/uploads/files/srtm_5x5/TIFF/srtm_24_10.zip
srtm_24_11.tif,https://srtm.csi.cgiar.org/wp-content/uploads/files/srtm_5x5/TIFF/srtm_24_11.zip
srtm_24_12.tif,https://srtm.csi.cgiar.org/wp-content/uploads/files/srtm_5x5/TIFF/srtm_24_12.zip
srtm_24_13.tif,https://srtm.csi.cgiar.org/wp-content/uploads/files/srtm_5x5/TIFF/srtm_24_13.zip
srtm_24_14.tif,https://srtm.csi.cgiar.org/wp-content/uploads/files/srtm_5x5/TIFF/srtm_24_14.zip
srtm_24_15.tif,https://srtm.csi.cgiar.org/wp-content/uploads/files/srtm_5x5/TIFF/srtm_24_15.zip
srtm_24_16.tif,https://srtm.csi.cgiar.org/wp-content/uploads/files/srtm_5x5/TIFF/srtm_24_16.zip
srtm_24_17.tif,https://srtm.csi.cgiar.org/wp-content/uploads/files/srtm_5x5/TIFF/srtm_24_17.zip
srtm_24_18.tif,https://srtm.csi.cgiar.org/wp-content/uploads/files/srtm_5x5/TIFF/srtm_24_18.zip
srtm_24_19.tif,https://srtm.csi.cgiar.org/wp-content/uploads/files/srtm_5x5/TIFF/srtm_24_19.zip
srtm_24_20.tif,https://srtm.csi.cgiar.org/wp-content/uploads/files/srtm_5x5/TIFF/srtm_24_20.zip
srtm_24_21.tif,https://srtm.csi.cgiar.org/wp-content/uploads/files/srtm_5x5/TIFF/srtm_24_21.zip
srtm_24_23.tif,https://srtm.csi.cgiar.org/wp-content/uploads/files/srtm_5x5/TIFF/srtm_24_23.zip
srtm_25_01.tif,https://srtm.csi.cgiar.org/wp-content/uploads/files/srtm_5x5/TIFF/srtm_25_01.zip
srtm_25_02.tif,https://srtm.csi.cgiar.org/wp-content/uploads/files/srtm_5x5/TIFF/srtm_25_02.zip
srtm_25_03.tif,https://srtm.csi.cgiar.org/wp-content/uploads/files/srtm_5x5/TIFF/srtm_25_03.zip
srtm_25_04.tif,https://srtm.csi.cgiar.org/wp-content/uploads/files/srtm_5x5/TIFF/srtm_25_04.zip
srtm_25_10.tif,https://srtm.csi.cgiar.org/wp-content/uploads/files/srtm_5x5/TIFF/srtm_25_10.zip
srtm_25_11.tif,https://srtm.csi.cgiar.org/wp-content/uploads/files/srtm_5x5/TIFF/srtm_25_11.zip
srtm_25_12.tif,https://srtm.csi.cgiar.org/wp-content/uploads/files/srtm_5x5/TIFF/srtm_25_12.zip
srtm_25_13.tif,https://srtm.csi.cgiar.org/wp-content/uploads/files/srtm_5x5/TIFF/srtm_25_13.zip
srtm_25_14.tif,https://srtm.csi.cgiar.org/wp-content/uploads/files/srtm_5x5/TIFF/srtm_25_14.zip
srtm_25_15.tif,https://srtm.csi.cgiar.org/wp-content/uploads/files/srtm_5x5/TIFF/srtm_25_15.zip
srtm_25_16.tif,https://srtm.csi.cgiar.org/wp-content/uploads/files/srtm_5x5/TIFF/srtm_25_16.zip
srtm_25_17.tif,https://srtm.csi.cgiar.org/wp-content/uploads/files/srtm_5x5/TIFF/srtm_25_17.zip
srtm_25_18.tif,https://srtm.csi.cgiar.org/wp-content/uploads/files/srtm_5x5/TIFF/srtm_25_18.zip
srtm_25_19.tif,https://srtm.csi.cgiar.org/wp-content/uploads/files/srtm_5x5/TIFF/srtm_25_19.zip
srtm_25_20.tif,https://srtm.csi.cgiar.org/wp-content/uploads/files/srtm_5x5/TIFF/srtm_25_20.zip
srtm_25_23.tif,https://srtm.csi.cgiar.org/wp-content/uploads/files/srtm_5x5/TIFF/srtm_25_23.zip
srtm_26_03.tif,https://srtm.csi.cgiar.org/wp-content/uploads/files/srtm_5x5/TIFF/srtm_26_03.zip
srtm_26_11.tif,https://srtm.csi.cgiar.org/wp-content/uploads/files/srtm_5x5/TIFF/srtm_26_11.zip
srtm_26_12.tif,https://srtm.csi.cgiar.org/wp-content/uploads/files/srtm_5x5/TIFF/srtm_26_12.zip
srtm_26_13.tif,https://srtm.csi.cgiar.org/wp-content/uploads/files/srtm_5x5/TIFF/srtm_26_13.zip
srtm_26_14.tif,https://srtm.csi.cgiar.org/wp-content/uploads/files/srtm_5x5/TIFF/srtm_26_14.zip
srtm_26_15.tif,https://srtm.csi.cgiar.org/wp-content/uploads/files/srtm_5x5/TIFF/srtm_26_15.zip
srtm_26_16.tif,https://srtm.csi.cgiar.org/wp-content/uploads/files/srtm_5x5/TIFF/srtm_26_16.zip
srtm_26_17.tif,https://srtm.csi.cgiar.org/wp-content/uploads/files/srtm_5x5/TIFF/srtm_26_17.zip
srtm_26_18.tif,https://srtm.csi.cgiar.org/wp-content/uploads/files/srtm_5x5/TIFF/srtm_26_18.zip
srtm_26_19.tif,https://srtm.csi.cgiar.org/wp-content/uploads/files/srtm_5x5/TIFF/srtm_26_19.zip
srtm_27_01.tif,https://srtm.csi.cgiar.org/wp-content/uploads/files/srtm_5x5/TIFF/srtm_27_01.zip
srtm_27_12.tif,https://srtm.csi.cgiar.org/wp-content/uploads/files/srtm_5x5/TIFF/srtm_27_12.zip
srtm_27_13.tif,https://srtm.csi.cgiar.org/wp-content/uploads/files/srtm_5x5/TIFF/srtm_27_13.zip
srtm_27_14.tif,https://srtm.csi.cgiar.org/wp-content/uploads/files/srtm_5x5/TIFF/srtm_27_14.zip
srtm_27_15.tif,https://srtm.csi.cgiar.org/wp-content/uploads/files/srtm_5x5/TIFF/srtm_27_15.zip
srtm_27_16.tif,https://srtm.csi.cgiar.org/wp-content/uploads/files/srtm_5x5/TIFF/srtm_27_16.zip
srtm_27_17.tif,https://srtm.csi.cgiar.org/wp-content/uploads/files/srtm_5x5/TIFF/srtm_27_17.zip
srtm_27_18.tif,https://srtm.csi.cgiar.org/wp-content/uploads/files/srtm_5x5/TIFF/srtm_27_18.zip
srtm_28_01.tif,https://srtm.csi.cgiar.org/wp-content/uploads/files/srtm_5x5/TIFF/srtm_28_01.zip
srtm_28_13.tif,https://srtm.csi.cgiar.org/wp-content/uploads/files/srtm_5x5/TIFF/srtm_28_13.zip
srtm_28_14.tif,https://srtm.csi.cgiar.org/wp-content/uploads/files/srtm_5x5/TIFF/srtm_28_14.zip
srtm_28_15.tif,https://srtm.csi.cgiar.org/wp-content/uploads/files/srtm_5x5/TIFF/srtm_28_15.zip
srtm_28_16.tif,https://srtm.csi.cgiar.org/wp-content/uploads/files/srtm_5x5/TIFF/srtm_28_16.zip
srtm_28_17.tif,https://srtm.csi.cgiar.org/wp-content/uploads/files/srtm_5x5/TIFF/srtm_28_17.zip
srtm_29_13.tif,https://srtm.csi.cgiar.org/wp-content/uploads/files/srtm_5x5/TIFF/srtm_29_13.zip
srtm_29_14.tif,https://srtm.csi.cgiar.org/wp-content/uploads/files/srtm_5x5/TIFF/srtm_29_14.zip
srtm_29_15.tif,https://srtm.csi.cgiar.org/wp-content/uploads/files/srtm_5x5/TIFF/srtm_29_15.zip
srtm_29_16.tif,https://srtm.csi.cgiar.org/wp-content/uploads/files/srtm_5x5/TIFF/srtm_29_16.zip
srtm_29_23.tif,https://srtm.csi.cgiar.org/wp-content/uploads/files/srtm_5x5/TIFF/srtm_29_23.zip
srtm_30_05.tif,https://srtm.csi.cgiar.org/wp-content/uploads/files/srtm_5x5/TIFF/srtm_30_05.zip
srtm_30_13.tif,https://srtm.csi.cgiar.org/wp-content/uploads/files/srtm_5x5/TIFF/srtm_30_13.zip
srtm_30_14.tif,https://srtm.csi.cgiar.org/wp-content/uploads/files/srtm_5x5/TIFF/srtm_30_14.zip
srtm_30_24.tif,https://srtm.csi.cgiar.org/wp-content/uploads/files/srtm_5x5/TIFF/srtm_30_24.zip
srtm_31_05.tif,https://srtm.csi.cgiar.org/wp-content/uploads/files/srtm_5x5/TIFF/srtm_31_05.zip
srtm_31_09.tif,https://srtm.csi.cgiar.org/wp-content/uploads/files/srtm_5x5/TIFF/srtm_31_09.zip
srtm_31_17.tif,https://srtm.csi.cgiar.org/wp-content/uploads/files/srtm_5x5/TIFF/srtm_31_17.zip
srtm_32_05.tif,https://srtm.csi.cgiar.org/wp-content/uploads/files/srtm_5x5/TIFF/srtm_32_05.zip
srtm_32_09.tif,https://srtm.csi.cgiar.org/wp-content/uploads/files/srtm_5x5/TIFF/srtm_32_09.zip
srtm_32_10.tif,https://srtm.csi.cgiar.org/wp-content/uploads/files/srtm_5x5/TIFF/srtm_32_10.zip
srtm_33_06.tif,https://srtm.csi.cgiar.org/wp-content/uploads/files/srtm_5x5/TIFF/srtm_33_06.zip
srtm_33_07.tif,https://srtm.csi.cgiar.org/wp-content/uploads/files/srtm_5x5/TIFF/srtm_33_07.zip
srtm_33_08.tif,https://srtm.csi.cgiar.org/wp-content/uploads/files/srtm_5x5/TIFF/srtm_33_08.zip
srtm_33_09.tif,https://srtm.csi.cgiar.org/wp-content/uploads/files/srtm_5x5/TIFF/srtm_33_09.zip
srtm_33_10.tif,https://srtm.csi.cgiar.org/wp-content/uploads/files/srtm_5x5/TIFF/srtm_33_10.zip
srtm_34_01.tif,https://srtm.csi.cgiar.org/wp-content/uploads/files/srtm_5x5/TIFF/srtm_34_01.zip
srtm_34_02.tif,https://srtm.csi.cgiar.org/wp-content/uploads/files/srtm_5x5/TIFF/srtm_34_02.zip
srtm_34_07.tif,https://srtm.csi.cgiar.org/wp-content/uploads/files/srtm_5x5/TIFF/srtm_34_07.zip
srtm_34_08.tif,https://srtm.csi.cgiar.org/wp-content/uploads/files/srtm_5x5/TIFF/srtm_34_08.zip
srtm_34_09.tif,https://srtm.csi.cgiar.org/wp-content/uploads/files/srtm_5x5/TIFF/srtm_34_09.zip
srtm_34_10.tif,https://srtm.csi.cgiar.org/wp-content/uploads/files/srtm_5x5/TIFF/srtm_34_10.zip
srtm_34_11.tif,https://srtm.csi.cgiar.org/wp-content/uploads/files/srtm_5x5/TIFF/srtm_34_11.zip
srtm_34_14.tif,https://srtm.csi.cgiar.org/wp-content/uploads/files/srtm_5x5/TIFF/srtm_34_14.zip
srtm_34_20.tif,https://srtm.csi.cgiar.org/wp-content/uploads/files/srtm_5x5/TIFF/srtm_34_20.zip
srtm_34_21.tif,https://srtm.csi.cgiar.org/wp-content/uploads/files/srtm_5x5/TIFF/srtm_34_21.zip
srtm_35_01.tif,https://srtm.csi.cgiar.org/wp-content/uploads/files/srtm_5x5/TIFF/srtm_35_01.zip
srtm_35_02.tif,https://srtm.csi.cgiar.org/wp-content/uploads/files/srtm_5x5/TIFF/srtm_35_02.zip
srtm_35_03.tif,https://srtm.csi.cgiar.org/wp-content/uploads/files/srtm_5x5/TIFF/srtm_35_03.zip
srtm_35_04.tif,https://srtm.csi.cgiar.org/wp-content/uploads/files/srtm_5x5/TIFF/srtm_35_04.zip
srtm_35_05.tif,https://srtm.csi.cgiar.org/wp-content/uploads/files/srtm_5x5/TIFF/srtm_35_05.zip
srtm_35_06.tif,https://srtm.csi.cgiar.org/wp-content/uploads/files/srtm_5x5/TIFF/srtm_35_06.zip
srtm_35_07.tif,https://srtm.csi.cgiar.org/wp-content/uploads/files/srtm_5x5/TIFF/srtm_35_07.zip
srtm_35_08.tif,https://srtm.csi.cgiar.org/wp-content/uploads/files/srtm_5x5/TIFF/srtm_35_08.zip
srtm_35_09.tif,https://srtm.csi.cgiar.org/wp-content/uploads/files/srtm_5x5/TIFF/srtm_35_09.zip
srtm_35_10.tif,https://srtm.csi.cgiar.org/wp-content/uploads/files/srtm_5x5/TIFF/srtm_35_10.zip
srtm_35_11.tif,https://srtm.csi.cgiar.org/wp-content/uploads/files/srtm_5x5/TIFF/srtm_35_11.zip
srtm_35_12.tif,https://srtm.csi.cgiar.org/wp-content/uploads/files/srtm_5x5/TIFF/srtm_35_12.zip
srtm_35_16.tif,https://srtm.csi.cgiar.org/wp-content/uploads/files/srtm_5x5/TIFF/srtm_35_16.zip
srtm_35_21.tif,https://srtm.csi.cgiar.org/wp-content/uploads/files/srtm_5x5/TIFF/srtm_35_21.zip
srtm_36_01.tif,https://srtm.csi.cgiar.org/wp-content/uploads/files/srtm_5x5/TIFF/srtm_36_01.zip
srtm_36_02.tif,https://srtm.csi.cgiar.org/wp-content/uploads/files/srtm_5x5/TIFF/srtm_36_02.zip
srtm_36_03.tif,https://srtm.csi.cgiar.org/wp-content/uploads/files/srtm_5x5/TIFF/srtm_36_03.zip
srtm_36_04.tif,https://srtm.csi.cgiar.org/wp-content/uploads/files/srtm_5x5/TIFF/srtm_36_04.zip
srtm_36_05.tif,https://srtm.csi.cgiar.org/wp-content/uploads/files/srtm_5x5/TIFF/srtm_36_05.zip
srtm_36_06.tif,https://srtm.csi.cgiar.org/wp-content/uploads/files/srtm_5x5/TIFF/srtm_36_06.zip
srtm_36_07.tif,https://srtm.csi.cgiar.org/wp-content/uploads/files/srtm_5x5/TIFF/srtm_36_07.zip
srtm_36_08.tif,https://srtm.csi.cgiar.org/wp-content/uploads/files/srtm_5x5/TIFF/srtm_36_08.zip
srtm_36_09.tif,https://srtm.csi.cgiar.org/wp-content/uploads/files/srtm_5x5/TIFF/srtm_36_09.zip
srtm_36_10.tif,https://srtm.csi.cgiar.org/wp-content/uploads/files/srtm_5x5/TIFF/srtm_36_10.zip
srtm_36_11.tif,https://srtm.csi.cgiar.org/wp-content/uploads/files/srtm_5x5/TIFF/srtm_36_11.zip
srtm_36_12.tif,https://srtm.csi.cgiar.org/wp-content/uploads/files/srtm_5x5/TIFF/srtm_36_12.zip
srtm_37_01.tif,https://srtm.csi.cgiar.org/wp-content/uploads/files/srtm_5x5/TIFF/srtm_37_01.zip
srtm_37_02.tif,https://srtm.csi.cgiar.org/wp-content/uploads/files/srtm_5x5/TIFF/srtm_37_02.zip
srtm_37_03.tif,https://srtm.csi.cgiar.org/wp-content/uploads/files/srtm_5x5/TIFF/srtm_37_03.zip
srtm_37_04.tif,https://srtm.csi.cgiar.org/wp-content/uploads/files/srtm_5x5/TIFF/srtm_37_04.zip
srtm_37_05.tif,https://srtm.csi.cgiar.org/wp-content/uploads/files/srtm_5x5/TIFF/srtm_37_05.zip
srtm_37_06.tif,https://srtm.csi.cgiar.org/wp-content/uploads/files/srtm_5x5/TIFF/srtm_37_06.zip
srtm_37_07.tif,https://srtm.csi.cgiar.org/wp-content/uploads/files/srtm_5x5/TIFF/srtm_37_07.zip
srtm_37_08.tif,https://srtm.csi.cgiar.org/wp-content/uploads/files/srtm_5x5/TIFF/srtm_37_08.zip
srtm_37_09.tif,https://srtm.csi.cgiar.org/wp-content/uploads/files/srtm_5x5/TIFF/srtm_37_09.zip
srtm_37_10.tif,https://srtm.csi.cgiar.org/wp-content/uploads/files/srtm_5x5/TIFF/srtm_37_10.zip
srtm_37_11.tif,https://srtm.csi.cgiar.org/wp-content/uploads/files/srtm_5x5/TIFF/srtm_37_11.zip
srtm_37_23.tif,https://srtm.csi.cgiar.org/wp-content/uploads/files/srtm_5x5/TIFF/srtm_37_23.zip
srtm_38_01.tif,https://srtm.csi.cgiar.org/wp-content/uploads/files/srtm_5x5/TIFF/srtm_38_01.zip
srtm_38_02.tif,https://srtm.csi.cgiar.org/wp-content/uploads/files/srtm_5x5/TIFF/srtm_38_02.zip
srtm_38_03.tif,https://srtm.csi.cgiar.org/wp-content/uploads/files/srtm_5x5/TIFF/srtm_38_03.zip
srtm_38_04.tif,https://srtm.csi.cgiar.org/wp-content/uploads/files/srtm_5x5/TIFF/srtm_38_04.zip
srtm_38_05.tif,https://srtm.csi.cgiar.org/wp-content/uploads/files/srtm_5x5/TIFF/srtm_38_05.zip
srtm_38_06.tif,https://srtm.csi.cgiar.org/wp-content/uploads/files/srtm_5x5/TIFF/srtm_38_06.zip
srtm_38_07.tif,https://srtm.csi.cgiar.org/wp-content/uploads/files/srtm_5x5/TIFF/srtm_38_07.zip
srtm_38_08.tif,https://srtm.csi.cgiar.org/wp-content/uploads/files/srtm_5x5/TIFF/srtm_38_08.zip
srtm_38_09.tif,https://srtm.csi.cgiar.org/wp-content/uploads/files/srtm_5x5/TIFF/srtm_38_09.zip
srtm_38_10.tif,https://srtm.csi.cgiar.org/wp-content/uploads/files/srtm_5x5/TIFF/srtm_38_10.zip
srtm_38_11.tif,https://srtm.csi.cgiar.org/wp-content/uploads/files/srtm_5x5/TIFF/srtm_38_11.zip
srtm_38_12.tif,https://srtm.csi.cgiar.org/wp-content/uploads/files/srtm_5x5/TIFF/srtm_38_12.zip
srtm_38_13.tif,https://srtm.csi.cgiar.org/wp-content/uploads/files/srtm_5x5/TIFF/srtm_38_13.zip
srtm_39_01.tif,https://srtm.csi.cgiar.org/wp-content/uploads/files/srtm_5x5/TIFF/srtm_39_01.zip
srtm_39_02.tif,https://srtm.csi.cgiar.org/wp-content/uploads/files/srtm_5x5/TIFF/srtm_39_02.zip
srtm_39_03.tif,https://srtm.csi.cgiar.org/wp-content/uploads/files/srtm_5x5/TIFF/srtm_39_03.zip
srtm_39_04.tif,https://srtm.csi.cgiar.org/wp-content/uploads/files/srtm_5x5/TIFF/srtm_39_04.zip
srtm_39_05.tif,https://srtm.csi.cgiar.org/wp-content/uploads/files/srtm_5x5/TIFF/srtm_39_05.zip
srtm_39_06.tif,https://srtm.csi.cgiar.org/wp-content/uploads/files/srtm_5x5/TIFF/srtm_39_06.zip
srtm_39_07.tif,https://srtm.csi.cgiar.org/wp-content/uploads/files/srtm_5x5/TIFF/srtm_39_07.zip
srtm_39_08.tif,https://srtm.csi.cgiar.org/wp-content/uploads/files/srtm_5x5/TIFF/srtm_39_08.zip
srtm_39_09.tif,https://srtm.csi.cgiar.org/wp-content/uploads/files/srtm_5x5/TIFF/srtm_39_09.zip
srtm_39_10.tif,https://srtm.csi.cgiar.org/wp-content/uploads/files/srtm_5x5/TIFF/srtm_39_10.zip
srtm_39_11.tif,https://srtm.csi.cgiar.org/wp-content/uploads/files/srtm_5x5/TIFF/srtm_39_11.zip
srtm_39_12.tif,https://srtm.csi.cgiar.org/wp-content/uploads/files/srtm_5x5/TIFF/srtm_39_12.zip
srtm_39_13.tif,https://srtm.csi.cgiar.org/wp-content/uploads/files/srtm_5x5/TIFF/srtm_39_13.zip
srtm_39_14.tif,https://srtm.csi.cgiar.org/wp-content/uploads/files/srtm_5x5/TIFF/srtm_39_14.zip
srtm_39_15.tif,https://srtm.csi.cgiar.org/wp-content/uploads/files/srtm_5x5/TIFF/srtm_39_15.zip
srtm_39_16.tif,https://srtm.csi.cgiar.org/wp-content/uploads/files/srtm_5x5/TIFF/srtm_39_16.zip
srtm_39_17.tif,https://srtm.csi.cgiar.org/wp-content/uploads/files/srtm_5x5/TIFF/srtm_39_17.zip
srtm_39_18.tif,https://srtm.csi.cgiar.org/wp-content/uploads/files/srtm_5x5/TIFF/srtm_39_18.zip
srtm_40_01.tif,https://srtm.csi.cgiar.org/wp-content/uploads/files/srtm_5x5/TIFF/srtm_40_01.zip
srtm_40_02.tif,https://srtm.csi.cgiar.org/wp-content/uploads/files/srtm_5x5/TIFF/srtm_40_02.zip
srtm_40_03.tif,https://srtm.csi.cgiar.org/wp-content/uploads/files/srtm_5x5/TIFF/srtm_40_03.zip
srtm_40_04.tif,https://srtm.csi.cgiar.org/wp-content/uploads/files/srtm_5x5/TIFF/srtm_40_04.zip
srtm_40_05.tif,https://srtm.csi.cgiar.org/wp-content/uploads/files/srtm_5x5/TIFF/srtm_40_05.zip
srtm_40_06.tif,https://srtm.csi.cgiar.org/wp-content/uploads/files/srtm_5x5/TIFF/srtm_40_06.zip
srtm_40_07.tif,https://srtm.csi.cgiar.org/wp-content/uploads/files/srtm_5x5/TIFF/srtm_40_07.zip
srtm_40_08.tif,https://srtm.csi.cgiar.org/wp-content/uploads/files/srtm_5x5/TIFF/srtm_40_08.zip
srtm_40_09.tif,https://srtm.csi.cgiar.org/wp-content/uploads/files/srtm_5x5/TIFF/srtm_40_09.zip
srtm_40_10.tif,https://srtm.csi.cgiar.org/wp-content/uploads/files/srtm_5x5/TIFF/srtm_40_10.zip
srtm_40_11.tif,https://srtm.csi.cgiar.org/wp-content/uploads/files/srtm_5x5/TIFF/srtm_40_11.zip
srtm_40_12.tif,https://srtm.csi.cgiar.org/wp-content/uploads/files/srtm_5x5/TIFF/srtm_40_12.zip
srtm_40_13.tif,https://srtm.csi.cgiar.org/wp-content/uploads/files/srtm_5x5/TIFF/srtm_40_13.zip
srtm_40_14.tif,https://srtm.csi.cgiar.org/wp-content/uploads/files/srtm_5x5/TIFF/srtm_40_14.zip
srtm_40_15.tif,https://srtm.csi.cgiar.org/wp-content/uploads/files/srtm_5x5/TIFF/srtm_40_15.zip
srtm_40_16.tif,https://srtm.csi.cgiar.org/wp-content/uploads/files/srtm_5x5/TIFF/srtm_40_16.zip
srtm_40_17.tif,https://srtm.csi.cgiar.org/wp-content/uploads/files/srtm_5x5/TIFF/srtm_40_17.zip
srtm_40_18.tif,https://srtm.csi.cgiar.org/wp-content/uploads/files/srtm_5x5/TIFF/srtm_40_18.zip
srtm_40_19.tif,https://srtm.csi.cgiar.org/wp-content/uploads/files/srtm_5x5/TIFF/srtm_40_19.zip
srtm_41_01.tif,https://srtm.csi.cgiar.org/wp-content/uploads/files/srtm_5x5/TIFF/srtm_41_01.zip
srtm_41_02.tif,https://srtm.csi.cgiar.org/wp-content/uploads/files/srtm_5x5/TIFF/srtm_41_02.zip
srtm_41_03.tif,https://srtm.csi.cgiar.org/wp-content/uploads/files/srtm_5x5/TIFF/srtm_41_03.zip
srtm_41_04.tif,https://srtm.csi.cgiar.org/wp-content/uploads/files/srtm_5x5/TIFF/srtm_41_04.zip
srtm_41_05.tif,https://srtm.csi.cgiar.org/wp-content/uploads/files/srtm_5x5/TIFF/srtm_41_05.zip
srtm_41_06.tif,https://srtm.csi.cgiar.org/wp-content/uploads/files/srtm_5x5/TIFF/srtm_41_06.zip
srtm_41_07.tif,https://srtm.csi.cgiar.org/wp-content/uploads/files/srtm_5x5/TIFF/srtm_41_07.zip
srtm_41_08.tif,https://srtm.csi.cgiar.org/wp-content/uploads/files/srtm_5x5/TIFF/srtm_41_08.zip
srtm_41_09.tif,https://srtm.csi.cgiar.org/wp-content/uploads/files/srtm_5x5/TIFF/srtm_41_09.zip
srtm_41_10.tif,https://srtm.csi.cgiar.org/wp-content/uploads/files/srtm_5x5/TIFF/srtm_41_10.zip
srtm_41_11.tif,https://srtm.csi.cgiar.org/wp-content/uploads/files/srtm_5x5/TIFF/srtm_41_11.zip
srtm_41_12.tif,https://srtm.csi.cgiar.org/wp-content/uploads/files/srtm_5x5/TIFF/srtm_41_12.zip
srtm_41_13.tif,https://srtm.csi.cgiar.org/wp-content/uploads/files/srtm_5x5/TIFF/srtm_41_13.zip
srtm_41_14.tif,https://srtm.csi.cgiar.org/wp-content/uploads/files/srtm_5x5/TIFF/srtm_41_14.zip
srtm_41_15.tif,https://srtm.csi.cgiar.org/wp-content/uploads/files/srtm_5x5/TIFF/srtm_41_15.zip
srtm_41_16.tif,https://srtm.csi.cgiar.org/wp-content/uploads/files/srtm_5x5/TIFF/srtm_41_16.zip
srtm_41_17.tif,https://srtm.csi.cgiar.org/wp-content/uploads/files/srtm_5x5/TIFF/srtm_41_17.zip
srtm_41_18.tif,https://srtm.csi.cgiar.org/wp-content/uploads/files/srtm_5x5/TIFF/srtm_41_18.zip
srtm_41_19.tif,https://srtm.csi.cgiar.org/wp-content/uploads/files/srtm_5x5/TIFF/srtm_41_19.zip
srtm_42_01.tif,https://srtm.csi.cgiar.org/wp-content/uploads/files/srtm_5x5/TIFF/srtm_42_01.zip
srtm_42_02.tif,https://srtm.csi.cgiar.org/wp-content/uploads/files/srtm_5x5/TIFF/srtm_42_02.zip
srtm_42_03.tif,https://srtm.csi.cgiar.org/wp-content/uploads/files/srtm_5x5/TIFF/srtm_42_03.zip
srtm_42_04.tif,https://srtm.csi.cgiar.org/wp-content/uploads/files/srtm_5x5/TIFF/srtm_42_04.zip
srtm_42_05.tif,https://srtm.csi.cgiar.org/wp-content/uploads/files/srtm_5x5/TIFF/srtm_42_05.zip
srtm_42_06.tif,https://srtm.csi.cgiar.org/wp-content/uploads/files/srtm_5x5/TIFF/srtm_42_06.zip
srtm_42_07.tif,https://srtm.csi.cgiar.org/wp-content/uploads/files/srtm_5x5/TIFF/srtm_42_07.zip
srtm_42_08.tif,https://srtm.csi.cgiar.org/wp-content/uploads/files/srtm_5x5/TIFF/srtm_42_08.zip
srtm_42_09.tif,https://srtm.csi.cgiar.org/wp-content/uploads/files/srtm_5x5/TIFF/srtm_42_09.zip
srtm_42_10.tif,https://srtm.csi.cgiar.org/wp-content/uploads/files/srtm_5x5/TIFF/srtm_42_10.zip
srtm_42_11.tif,https://srtm.csi.cgiar.org/wp-content/uploads/files/srtm_5x5/TIFF/srtm_42_11.zip
srtm_42_12.tif,https://srtm.csi.cgiar.org/wp-content/uploads/files/srtm_5x5/TIFF/srtm_42_12.zip
srtm_42_13.tif,https://srtm.csi.cgiar.org/wp-content/uploads/files/srtm_5x5/TIFF/srtm_42_13.zip
srtm_42_14.tif,https://srtm.csi.cgiar.org/wp-content/uploads/files/srtm_5x5/TIFF/srtm_42_14.zip
srtm_42_15.tif,https://srtm.csi.cgiar.org/wp-content/uploads/files/srtm_5x5/TIFF/srtm_42_15.zip
srtm_42_16.tif,https://srtm.csi.cgiar.org/wp-content/uploads/files/srtm_5x5/TIFF/srtm_42_16.zip
srtm_42_17.tif,https://srtm.csi.cgiar.org/wp-content/uploads/files/srtm_5x5/TIFF/srtm_42_17.zip
srtm_42_18.tif,https://srtm.csi.cgiar.org/wp-content/uploads/files/srtm_5x5/TIFF/srtm_42_18.zip
srtm_42_19.tif,https://srtm.csi.cgiar.org/wp-content/uploads/files/srtm_5x5/TIFF/srtm_42_19.zip
srtm_43_01.tif,https://srtm.csi.cgiar.org/wp-content/uploads/files/srtm_5x5/TIFF/srtm_43_01.zip
srtm_43_02.tif,https://srtm.csi.cgiar.org/wp-content/uploads/files/srtm_5x5/TIFF/srtm_43_02.zip
srtm_43_03.tif,https://srtm.csi.cgiar.org/wp-content/uploads/files/srtm_5x5/TIFF/srtm_43_03.zip
srtm_43_04.tif,https://srtm.csi.cgiar.org/wp-content/uploads/files/srtm_5x5/TIFF/srtm_43_04.zip
srtm_43_05.tif,https://srtm.csi.cgiar.org/wp-content/uploads/files/srtm_5x5/TIFF/srtm_43_05.zip
srtm_43_06.tif,https://srtm.csi.cgiar.org/wp-content/uploads/files/srtm_5x5/TIFF/srtm_43_06.zip
srtm_43_07.tif,https://srtm.csi.cgiar.org/wp-content/uploads/files/srtm_5x5/TIFF/srtm_43_07.zip
srtm_43_08.tif,https://srtm.csi.cgiar.org/wp-content/uploads/files/srtm_5x5/TIFF/srtm_43_08.zip
srtm_43_09.tif,https://srtm.csi.cgiar.org/wp-content/uploads/files/srtm_5x5/TIFF/srtm_43_09.zip
srtm_43_10.tif,https://srtm.csi.cgiar.org/wp-content/uploads/files/srtm_5x5/TIFF/srtm_43_10.zip
srtm_43_11.tif,https://srtm.csi.cgiar.org/wp-content/uploads/files/srtm_5x5/TIFF/srtm_43_11.zip
srtm_43_12.tif,https://srtm.csi.cgiar.org/wp-content/uploads/files/srtm_5x5/TIFF/srtm_43_12.zip
srtm_43_13.tif,https://srtm.csi.cgiar.org/wp-content/uploads/files/srtm_5x5/TIFF/srtm_43_13.zip
srtm_43_14.tif,https://srtm.csi.cgiar.org/wp-content/uploads/files/srtm_5x5/TIFF/srtm_43_14.zip
srtm_43_15.tif,https://srtm.csi.cgiar.org/wp-content/uploads/files/srtm_5x5/TIFF/srtm_43_15.zip
srtm_43_16.tif,https://srtm.csi.cgiar.org/wp-content/uploads/files/srtm_5x5/TIFF/srtm_43_16.zip
srtm_43_17.tif,https://srtm.csi.cgiar.org/wp-content/uploads/files/srtm_5x5/TIFF/srtm_43_17.zip
srtm_43_18.tif,https://srtm.csi.cgiar.org/wp-content/uploads/files/srtm_5x5/TIFF/srtm_43_18.zip
srtm_43_19.tif,https://srtm.csi.cgiar.org/wp-content/uploads/files/srtm_5x5/TIFF/srtm_43_19.zip
srtm_44_01.tif,https://srtm.csi.cgiar.org/wp-content/uploads/files/srtm_5x5/TIFF/srtm_44_01.zip
srtm_44_02.tif,https://srtm.csi.cgiar.org/wp-content/uploads/files/srtm_5x5/TIFF/srtm_44_02.zip
srtm_44_03.tif,https://srtm.csi.cgiar.org/wp-content/uploads/files/srtm_5x5/TIFF/srtm_44_03.zip
srtm_44_04.tif,https://srtm.csi.cgiar.org/wp-content/uploads/files/srtm_5x5/TIFF/srtm_44_04.zip
srtm_44_05.tif,https://srtm.csi.cgiar.org/wp-content/uploads/files/srtm_5x5/TIFF/srtm_44_05.zip
srtm_44_06.tif,https://srtm.csi.cgiar.org/wp-content/uploads/files/srtm_5x5/TIFF/srtm_44_06.zip
srtm_44_07.tif,https://srtm.csi.cgiar.org/wp-content/uploads/files/srtm_5x5/TIFF/srtm_44_07.zip
srtm_44_08.tif,https://srtm.csi.cgiar.org/wp-content/uploads/files/srtm_5x5/TIFF/srtm_44_08.zip
srtm_44_09.tif,https://srtm.csi.cgiar.org/wp-content/uploads/files/srtm_5x5/TIFF/srtm_44_09.zip
srtm_44_10.tif,https://srtm.csi.cgiar.org/wp-content/uploads/files/srtm_5x5/TIFF/srtm_44_10.zip
srtm_44_11.tif,https://srtm.csi.cgiar.org/wp-content/uploads/files/srtm_5x5/TIFF/srtm_44_11.zip
srtm_44_12.tif,https://srtm.csi.cgiar.org/wp-content/uploads/files/srtm_5x5/TIFF/srtm_44_12.zip
srtm_44_13.tif,https://srtm.csi.cgiar.org/wp-content/uploads/files/srtm_5x5/TIFF/srtm_44_13.zip
srtm_44_14.tif,https://srtm.csi.cgiar.org/wp-content/uploads/files/srtm_5x5/TIFF/srtm_44_14.zip
srtm_44_15.tif,https://srtm.csi.cgiar.org/wp-content/uploads/files/srtm_5x5/TIFF/srtm_44_15.zip
srtm_44_16.tif,https://srtm.csi.cgiar.org/wp-content/uploads/files/srtm_5x5/TIFF/srtm_44_16.zip
srtm_44_17.tif,https://srtm.csi.cgiar.org/wp-content/uploads/files/srtm_5x5/TIFF/srtm_44_17.zip
srtm_44_22.tif,https://srtm.csi.cgiar.org/wp-content/uploads/files/srtm_5x5/TIFF/srtm_44_22.zip
srtm_45_01.tif,https://srtm.csi.cgiar.org/wp-content/uploads/files/srtm_5x5/TIFF/srtm_45_01.zip
srtm_45_02.tif,https://srtm.csi.cgiar.org/wp-content/uploads/files/srtm_5x5/TIFF/srtm_45_02.zip
srtm_45_03.tif,https://srtm.csi.cgiar.org/wp-content/uploads/files/srtm_5x5/TIFF/srtm_45_03.zip
srtm_45_04.tif,https://srtm.csi.cgiar.org/wp-content/uploads/files/srtm_5x5/TIFF/srtm_45_04.zip
srtm_45_05.tif,https://srtm.csi.cgiar.org/wp-content/uploads/files/srtm_5x5/TIFF/srtm_45_05.zip
srtm_45_06.tif,https://srtm.csi.cgiar.org/wp-content/uploads/files/srtm_5x5/TIFF/srtm_45_06.zip
srtm_45_07.tif,https://srtm.csi.cgiar.org/wp-content/uploads/files/srtm_5x5/TIFF/srtm_45_07.zip
srtm_45_08.tif,https://srtm.csi.cgiar.org/wp-content/uploads/files/srtm_5x5/TIFF/srtm_45_08.zip
srtm_45_09.tif,https://srtm.csi.cgiar.org/wp-content/uploads/files/srtm_5x5/TIFF/srtm_45_09.zip
srtm_45_10.tif,https://srtm.csi.cgiar.org/wp-content/uploads/files/srtm_5x5/TIFF/srtm_45_10.zip
srtm_45_11.tif,https://srtm.csi.cgiar.org/wp-content/uploads/files/srtm_5x5/TIFF/srtm_45_11.zip
srtm_45_12.tif,https://srtm.csi.cgiar.org/wp-content/uploads/files/srtm_5x5/TIFF/srtm_45_12.zip
srtm_45_13.tif,https://srtm.csi.cgiar.org/wp-content/uploads/files/srtm_5x5/TIFF/srtm_45_13.zip
srtm_45_15.tif,https://srtm.csi.cgiar.org/wp-content/uploads/files/srtm_5x5/TIFF/srtm_45_15.zip
srtm_45_16.tif,https://srtm.csi.cgiar.org/wp-content/uploads/files/srtm_5x5/TIFF/srtm_45_16.zip
srtm_45_17.tif,https://srtm.csi.cgiar.org/wp-content/uploads/files/srtm_5x5/TIFF/srtm_45_17.zip
srtm_45_18.tif,https://srtm.csi.cgiar.org/wp-content/uploads/files/srtm_5x5/TIFF/srtm_45_18.zip
srtm_46_01.tif,https://srtm.csi.cgiar.org/wp-content/uploads/files/srtm_5x5/TIFF/srtm_46_01.zip
srtm_46_02.tif,https://srtm.csi.cgiar.org/wp-content/uploads/files/srtm_5x5/TIFF/srtm_46_02.zip
srtm_46_03.tif,https://srtm.csi.cgiar.org/wp-content/uploads/files/srtm_5x5/TIFF/srtm_46_03.zip
srtm_46_04.tif,https://srtm.csi.cgiar.org/wp-content/uploads/files/srtm_5x5/TIFF/srtm_46_04.zip
srtm_46_05.tif,https://srtm.csi.cgiar.org/wp-content/uploads/files/srtm_5x5/TIFF/srtm_46_05.zip
srtm_46_06.tif,https://srtm.csi.cgiar.org/wp-content/uploads/files/srtm_5x5/TIFF/srtm_46_06.zip
srtm_46_07.tif,https://srtm.csi.cgiar.org/wp-content/uploads/files/srtm_5x5/TIFF/srtm_46_07.zip
srtm_46_08.tif,https://srtm.csi.cgiar.org/wp-content/uploads/files/srtm_5x5/TIFF/srtm_46_08.zip
srtm_46_09.tif,https://srtm.csi.cgiar.org/wp-content/uploads/files/srtm_5x5/TIFF/srtm_46_09.zip
srtm_46_10.tif,https://srtm.csi.cgiar.org/wp-content/uploads/files/srtm_5x5/TIFF/srtm_46_10.zip
srtm_46_11.tif,https://srtm.csi.cgiar.org/wp-content/uploads/files/srtm_5x5/TIFF/srtm_46_11.zip
srtm_46_12.tif,https://srtm.csi.cgiar.org/wp-content/uploads/files/srtm_5x5/TIFF/srtm_46_12.zip
srtm_46_14.tif,https://srtm.csi.cgiar.org/wp-content/uploads/files/srtm_5x5/TIFF/srtm_46_14.zip
srtm_46_15.tif,https://srtm.csi.cgiar.org/wp-content/uploads/files/srtm_5x5/TIFF/srtm_46_15.zip
srtm_46_16.tif,https://srtm.csi.cgiar.org/wp-content/uploads/files/srtm_5x5/TIFF/srtm_46_16.zip
srtm_46_17.tif,https://srtm.csi.cgiar.org/wp-content/uploads/files/srtm_5x5/TIFF/srtm_46_17.zip
srtm_46_18.tif,https://srtm.csi.cgiar.org/wp-content/uploads/files/srtm_5x5/TIFF/srtm_46_18.zip
srtm_47_01.tif,https://srtm.csi.cgiar.org/wp-content/uploads/files/srtm_5x5/TIFF/srtm_47_01.zip
srtm_47_02.tif,https://srtm.csi.cgiar.org/wp-content/uploads/files/srtm_5x5/TIFF/srtm_47_02.zip
srtm_47_03.tif,https://srtm.csi.cgiar.org/wp-content/uploads/files/srtm_5x5/TIFF/srtm_47_03.zip
srtm_47_04.tif,https://srtm.csi.cgiar.org/wp-content/uploads/files/srtm_5x5/TIFF/srtm_47_04.zip
srtm_47_05.tif,https://srtm.csi.cgiar.org/wp-content/uploads/files/srtm_5x5/TIFF/srtm_47_05.zip
srtm_47_06.tif,https://srtm.csi.cgiar.org/wp-content/uploads/files/srtm_5x5/TIFF/srtm_47_06.zip
srtm_47_07.tif,https://srtm.csi.cgiar.org/wp-content/uploads/files/srtm_5x5/TIFF/srtm_47_07.zip
srtm_47_08.tif,https://srtm.csi.cgiar.org/wp-content/uploads/files/srtm_5x5/TIFF/srtm_47_08.zip
srtm_47_09.tif,https://srtm.csi.cgiar.org/wp-content/uploads/files/srtm_5x5/TIFF/srtm_47_09.zip
srtm_47_10.tif,https://srtm.csi.cgiar.org/wp-content/uploads/files/srtm_5x5/TIFF/srtm_47_10.zip
srtm_47_11.tif,https://srtm.csi.cgiar.org/wp-content/uploads/files/srtm_5x5/TIFF/srtm_47_11.zip
srtm_47_13.tif,https://srtm.csi.cgiar.org/wp-content/uploads/files/srtm_5x5/TIFF/srtm_47_13.zip
srtm_47_14.tif,https://srtm.csi.cgiar.org/wp-content/uploads/files/srtm_5x5/TIFF/srtm_47_14.zip
srtm_47_15.tif,https://srtm.csi.cgiar.org/wp-content/uploads/files/srtm_5x5/TIFF/srtm_47_15.zip
srtm_47_16.tif,https://srtm.csi.cgiar.org/wp-content/uploads/files/srtm_5x5/TIFF/srtm_47_16.zip
srtm_47_22.tif,https://srtm.csi.cgiar.org/wp-content/uploads/files/srtm_5x5/TIFF/srtm_47_22.zip
srtm_48_01.tif,https://srtm.csi.cgiar.org/wp-content/uploads/files/srtm_5x5/TIFF/srtm_48_01.zip
srtm_48_02.tif,https://srtm.csi.cgiar.org/wp-content/uploads/files/srtm_5x5/TIFF/srtm_48_02.zip
srtm_48_03.tif,https://srtm.csi.cgiar.org/wp-content/uploads/files/srtm_5x5/TIFF/srtm_48_03.zip
srtm_48_04.tif,https://srtm.csi.cgiar.org/wp-content/uploads/files/srtm_5x5/TIFF/srtm_48_04.zip
srtm_48_05.tif,https://srtm.csi.cgiar.org/wp-content/uploads/files/srtm_5x5/TIFF/srtm_48_05.zip
srtm_48_06.tif,https://srtm.csi.cgiar.org/wp-content/uploads/files/srtm_5x5/TIFF/srtm_48_06.zip
srtm_48_07.tif,https://srtm.csi.cgiar.org/wp-content/uploads/files/srtm_5x5/TIFF/srtm_48_07.zip
srtm_48_08.tif,https://srtm.csi.cgiar.org/wp-content/uploads/files/srtm_5x5/TIFF/srtm_48_08.zip
srtm_48_09.tif,https://srtm.csi.cgiar.org/wp-content/uploads/files/srtm_5x5/TIFF/srtm_48_09.zip
srtm_48_13.tif,https://srtm.csi.cgiar.org/wp-content/uploads/files/srtm_5x5/TIFF/srtm_48_13.zip
srtm_48_14.tif,https://srtm.csi.cgiar.org/wp-content/uploads/files/srtm_5x5/TIFF/srtm_48_14.zip
srtm_48_15.tif,https://srtm.csi.cgiar.org/wp-content/uploads/files/srtm_5x5/TIFF/srtm_48_15.zip
srtm_48_16.tif,https://srtm.csi.cgiar.org/wp-content/uploads/files/srtm_5x5/TIFF/srtm_48_16.zip
srtm_48_17.tif,https://srtm.csi.cgiar.org/wp-content/uploads/files/srtm_5x5/TIFF/srtm_48_17.zip
srtm_49_01.tif,https://srtm.csi.cgiar.org/wp-content/uploads/files/srtm_5x5/TIFF/srtm_49_01.zip
srtm_49_02.tif,https://srtm.csi.cgiar.org/wp-content/uploads/files/srtm_5x5/TIFF/srtm_49_02.zip
srtm_49_03.tif,https://srtm.csi.cgiar.org/wp-content/uploads/files/srtm_5x5/TIFF/srtm_49_03.zip
srtm_49_04.tif,https://srtm.csi.cgiar.org/wp-content/uploads/files/srtm_5x5/TIFF/srtm_49_04.zip
srtm_49_05.tif,https://srtm.csi.cgiar.org/wp-content/uploads/files/srtm_5x5/TIFF/srtm_49_05.zip
srtm_49_06.tif,https://srtm.csi.cgiar.org/wp-content/uploads/files/srtm_5x5/TIFF/srtm_49_06.zip
srtm_49_07.tif,https://srtm.csi.cgiar.org/wp-content/uploads/files/srtm_5x5/TIFF/srtm_49_07.zip
srtm_49_16.tif,https://srtm.csi.cgiar.org/wp-content/uploads/files/srtm_5x5/TIFF/srtm_49_16.zip
srtm_50_01.tif,https://srtm.csi.cgiar.org/wp-content/uploads/files/srtm_5x5/TIFF/srtm_50_01.zip
srtm_50_02.tif,https://srtm.csi.cgiar.org/wp-content/uploads/files/srtm_5x5/TIFF/srtm_50_02.zip
srtm_50_03.tif,https://srtm.csi.cgiar.org/wp-content/uploads/files/srtm_5x5/TIFF/srtm_50_03.zip
srtm_50_04.tif,https://srtm.csi.cgiar.org/wp-content/uploads/files/srtm_5x5/TIFF/srtm_50_04.zip
srtm_50_05.tif,https://srtm.csi.cgiar.org/wp-content/uploads/files/srtm_5x5/TIFF/srtm_50_05.zip
srtm_50_06.tif,https://srtm.csi.cgiar.org/wp-content/uploads/files/srtm_5x5/TIFF/srtm_50_06.zip
srtm_50_07.tif,https://srtm.csi.cgiar.org/wp-content/uploads/files/srtm_5x5/TIFF/srtm_50_07.zip
srtm_50_08.tif,https://srtm.csi.cgiar.org/wp-content/uploads/files/srtm_5x5/TIFF/srtm_50_08.zip
srtm_50_22.tif,https://srtm.csi.cgiar.org/wp-content/uploads/files/srtm_5x5/TIFF/srtm_50_22.zip
srtm_50_23.tif,https://srtm.csi.cgiar.org/wp-content/uploads/files/srtm_5x5/TIFF/srtm_50_23.zip
srtm_51_01.tif,https://srtm.csi.cgiar.org/wp-content/uploads/files/srtm_5x5/TIFF/srtm_51_01.zip
srtm_51_02.tif,https://srtm.csi.cgiar.org/wp-content/uploads/files/srtm_5x5/TIFF/srtm_51_02.zip
srtm_51_03.tif,https://srtm.csi.cgiar.org/wp-content/uploads/files/srtm_5x5/TIFF/srtm_51_03.zip
srtm_51_04.tif,https://srtm.csi.cgiar.org/wp-content/uploads/files/srtm_5x5/TIFF/srtm_51_04.zip
srtm_51_05.tif,https://srtm.csi.cgiar.org/wp-content/uploads/files/srtm_5x5/TIFF/srtm_51_05.zip
srtm_51_06.tif,https://srtm.csi.cgiar.org/wp-content/uploads/files/srtm_5x5/TIFF/srtm_51_06.zip
srtm_51_07.tif,https://srtm.csi.cgiar.org/wp-content/uploads/files/srtm_5x5/TIFF/srtm_51_07.zip
srtm_51_08.tif,https://srtm.csi.cgiar.org/wp-content/uploads/files/srtm_5x5/TIFF/srtm_51_08.zip
srtm_51_09.tif,https://srtm.csi.cgiar.org/wp-content/uploads/files/srtm_5x5/TIFF/srtm_51_09.zip
srtm_51_10.tif,https://srtm.csi.cgiar.org/wp-content/uploads/files/srtm_5x5/TIFF/srtm_51_10.zip
srtm_51_11.tif,https://srtm.csi.cgiar.org/wp-content/uploads/files/srtm_5x5/TIFF/srtm_51_11.zip
srtm_51_12.tif,https://srtm.csi.cgiar.org/wp-content/uploads/files/srtm_5x5/TIFF/srtm_51_12.zip
srtm_51_13.tif,https://srtm.csi.cgiar.org/wp-content/uploads/files/srtm_5x5/TIFF/srtm_51_13.zip
srtm_51_14.tif,https://srtm.csi.cgiar.org/wp-content/uploads/files/srtm_5x5/TIFF/srtm_51_14.zip
srtm_51_22.tif,https://srtm.csi.cgiar.org/wp-content/uploads/files/srtm_5x5/TIFF/srtm_51_22.zip
srtm_51_23.tif,https://srtm.csi.cgiar.org/wp-content/uploads/files/srtm_5x5/TIFF/srtm_51_23.zip
srtm_52_01.tif,https://srtm.csi.cgiar.org/wp-content/uploads/files/srtm_5x5/TIFF/srtm_52_01.zip
srtm_52_02.tif,https://srtm.csi.cgiar.org/wp-content/uploads/files/srtm_5x5/TIFF/srtm_52_02.zip
srtm_52_03.tif,https://srtm.csi.cgiar.org/wp-content/uploads/files/srtm_5x5/TIFF/srtm_52_03.zip
srtm_52_04.tif,https://srtm.csi.cgiar.org/wp-content/uploads/files/srtm_5x5/TIFF/srtm_52_04.zip
srtm_52_05.tif,https://srtm.csi.cgiar.org/wp-content/uploads/files/srtm_5x5/TIFF/srtm_52_05.zip
srtm_52_06.tif,https://srtm.csi.cgiar.org/wp-content/uploads/files/srtm_5x5/TIFF/srtm_52_06.zip
srtm_52_07.tif,https://srtm.csi.cgiar.org/wp-content/uploads/files/srtm_5x5/TIFF/srtm_52_07.zip
srtm_52_08.tif,https://srtm.csi.cgiar.org/wp-content/uploads/files/srtm_5x5/TIFF/srtm_52_08.zip
srtm_52_09.tif,https://srtm.csi.cgiar.org/wp-content/uploads/files/srtm_5x5/TIFF/srtm_52_09.zip
srtm_52_10.tif,https://srtm.csi.cgiar.org/wp-content/uploads/files/srtm_5x5/TIFF/srtm_52_10.zip
srtm_52_11.tif,https://srtm.csi.cgiar.org/wp-content/uploads/files/srtm_5x5/TIFF/srtm_52_11.zip
srtm_52_20.tif,https://srtm.csi.cgiar.org/wp-content/uploads/files/srtm_5x5/TIFF/srtm_52_20.zip
srtm_53_01.tif,https://srtm.csi.cgiar.org/wp-content/uploads/files/srtm_5x5/TIFF/srtm_53_01.zip
srtm_53_02.tif,https://srtm.csi.cgiar.org/wp-content/uploads/files/srtm_5x5/TIFF/srtm_53_02.zip
srtm_53_03.tif,https://srtm.csi.cgiar.org/wp-content/uploads/files/srtm_5x5/TIFF/srtm_53_03.zip
srtm_53_04.tif,https://srtm.csi.cgiar.org/wp-content/uploads/files/srtm_5x5/TIFF/srtm_53_04.zip
srtm_53_05.tif,https://srtm.csi.cgiar.org/wp-content/uploads/files/srtm_5x5/TIFF/srtm_53_05.zip
srtm_53_06.tif,https://srtm.csi.cgiar.org/wp-content/uploads/files/srtm_5x5/TIFF/srtm_53_06.zip
srtm_53_07.tif,https://srtm.csi.cgiar.org/wp-content/uploads/files/srtm_5x5/TIFF/srtm_53_07.zip
srtm_53_08.tif,https://srtm.csi.cgiar.org/wp-content/uploads/files/srtm_5x5/TIFF/srtm_53_08.zip
srtm_53_09.tif,https://srtm.csi.cgiar.org/wp-content/uploads/files/srtm_5x5/TIFF/srtm_53_09.zip
srtm_53_10.tif,https://srtm.csi.cgiar.org/wp-content/uploads/files/srtm_5x5/TIFF/srtm_53_10.zip
srtm_53_11.tif,https://srtm.csi.cgiar.org/wp-content/uploads/files/srtm_5x5/TIFF/srtm_53_11.zip
srtm_54_01.tif,https://srtm.csi.cgiar.org/wp-content/uploads/files/srtm_5x5/TIFF/srtm_54_01.zip
srtm_54_02.tif,https://srtm.csi.cgiar.org/wp-content/uploads/files/srtm_5x5/TIFF/srtm_54_02.zip
srtm_54_03.tif,https://srtm.csi.cgiar.org/wp-content/uploads/files/srtm_5x5/TIFF/srtm_54_03.zip
srtm_54_04.tif,https://srtm.csi.cgiar.org/wp-content/uploads/files/srtm_5x5/TIFF/srtm_54_04.zip
srtm_54_05.tif,https://srtm.csi.cgiar.org/wp-content/uploads/files/srtm_5x5/TIFF/srtm_54_05.zip
srtm_54_06.tif,https://srtm.csi.cgiar.org/wp-content/uploads/files/srtm_5x5/TIFF/srtm_54_06.zip
srtm_54_07.tif,https://srtm.csi.cgiar.org/wp-content/uploads/files/srtm_5x5/TIFF/srtm_54_07.zip
srtm_54_08.tif,https://srtm.csi.cgiar.org/wp-content/uploads/files/srtm_5x5/TIFF/srtm_54_08.zip
srtm_54_09.tif,https://srtm.csi.cgiar.org/wp-content/uploads/files/srtm_5x5/TIFF/srtm_54_09.zip
srtm_55_01.tif,https://srtm.csi.cgiar.org/wp-content/uploads/files/srtm_5x5/TIFF/srtm_55_01.zip
srtm_55_02.tif,https://srtm.csi.cgiar.org/wp-content/uploads/files/srtm_5x5/TIFF/srtm_55_02.zip
srtm_55_03.tif,https://srtm.csi.cgiar.org/wp-content/uploads/files/srtm_5x5/TIFF/srtm_55_03.zip
srtm_55_04.tif,https://srtm.csi.cgiar.org/wp-content/uploads/files/srtm_5x5/TIFF/srtm_55_04.zip
srtm_55_05.tif,https://srtm.csi.cgiar.org/wp-content/uploads/files/srtm_5x5/TIFF/srtm_55_05.zip
srtm_55_06.tif,https://srtm.csi.cgiar.org/wp-content/uploads/files/srtm_5x5/TIFF/srtm_55_06.zip
srtm_55_07.tif,https://srtm.csi.cgiar.org/wp-content/uploads/files/srtm_5x5/TIFF/srtm_55_07.zip
srtm_55_08.tif,https://srtm.csi.cgiar.org/wp-content/uploads/files/srtm_5x5/TIFF/srtm_55_08.zip
srtm_55_09.tif,https://srtm.csi.cgiar.org/wp-content/uploads/files/srtm_5x5/TIFF/srtm_55_09.zip
srtm_55_10.tif,https://srtm.csi.cgiar.org/wp-content/uploads/files/srtm_5x5/TIFF/srtm_55_10.zip
srtm_55_11.tif,https://srtm.csi.cgiar.org/wp-content/uploads/files/srtm_5x5/TIFF/srtm_55_11.zip
srtm_56_01.tif,https://srtm.csi.cgiar.org/wp-content/uploads/files/srtm_5x5/TIFF/srtm_56_01.zip
srtm_56_02.tif,https://srtm.csi.cgiar.org/wp-content/uploads/files/srtm_5x5/TIFF/srtm_56_02.zip
srtm_56_03.tif,https://srtm.csi.cgiar.org/wp-content/uploads/files/srtm_5x5/TIFF/srtm_56_03.zip
srtm_56_04.tif,https://srtm.csi.cgiar.org/wp-content/uploads/files/srtm_5x5/TIFF/srtm_56_04.zip
srtm_56_05.tif,https://srtm.csi.cgiar.org/wp-content/uploads/files/srtm_5x5/TIFF/srtm_56_05.zip
srtm_56_06.tif,https://srtm.csi.cgiar.org/wp-content/uploads/files/srtm_5x5/TIFF/srtm_56_06.zip
srtm_56_07.tif,https://srtm.csi.cgiar.org/wp-content/uploads/files/srtm_5x5/TIFF/srtm_56_07.zip
srtm_56_08.tif,https://srtm.csi.cgiar.org/wp-content/uploads/files/srtm_5x5/TIFF/srtm_56_08.zip
srtm_56_09.tif,https://srtm.csi.cgiar.org/wp-content/uploads/files/srtm_5x5/TIFF/srtm_56_09.zip
srtm_56_10.tif,https://srtm.csi.cgiar.org/wp-content/uploads/files/srtm_5x5/TIFF/srtm_56_10.zip
srtm_56_11.tif,https://srtm.csi.cgiar.org/wp-content/uploads/files/srtm_5x5/TIFF/srtm_56_11.zip
srtm_56_12.tif,https://srtm.csi.cgiar.org/wp-content/uploads/files/srtm_5x5/TIFF/srtm_56_12.zip
srtm_56_13.tif,https://srtm.csi.cgiar.org/wp-content/uploads/files/srtm_5x5/TIFF/srtm_56_13.zip
srtm_56_15.tif,https://srtm.csi.cgiar.org/wp-content/uploads/files/srtm_5x5/TIFF/srtm_56_15.zip
srtm_57_01.tif,https://srtm.csi.cgiar.org/wp-content/uploads/files/srtm_5x5/TIFF/srtm_57_01.zip
srtm_57_02.tif,https://srtm.csi.cgiar.org/wp-content/uploads/files/srtm_5x5/TIFF/srtm_57_02.zip
srtm_57_03.tif,https://srtm.csi.cgiar.org/wp-content/uploads/files/srtm_5x5/TIFF/srtm_57_03.zip
srtm_57_04.tif,https://srtm.csi.cgiar.org/wp-content/uploads/files/srtm_5x5/TIFF/srtm_57_04.zip
srtm_57_05.tif,https://srtm.csi.cgiar.org/wp-content/uploads/files/srtm_5x5/TIFF/srtm_57_05.zip
srtm_57_06.tif,https://srtm.csi.cgiar.org/wp-content/uploads/files/srtm_5x5/TIFF/srtm_57_06.zip
srtm_57_07.tif,https://srtm.csi.cgiar.org/wp-content/uploads/files/srtm_5x5/TIFF/srtm_57_07.zip
srtm_57_08.tif,https://srtm.csi.cgiar.org/wp-content/uploads/files/srtm_5x5/TIFF/srtm_57_08.zip
srtm_57_09.tif,https://srtm.csi.cgiar.org/wp-content/uploads/files/srtm_5x5/TIFF/srtm_57_09.zip
srtm_57_10.tif,https://srtm.csi.cgiar.org/wp-content/uploads/files/srtm_5x5/TIFF/srtm_57_10.zip
srtm_57_11.tif,https://srtm.csi.cgiar.org/wp-content/uploads/files/srtm_5x5/TIFF/srtm_57_11.zip
srtm_57_12.tif,https://srtm.csi.cgiar.org/wp-content/uploads/files/srtm_5x5/TIFF/srtm_57_12.zip
srtm_57_13.tif,https://srtm.csi.cgiar.org/wp-content/uploads/files/srtm_5x5/TIFF/srtm_57_13.zip
srtm_57_14.tif,https://srtm.csi.cgiar.org/wp-content/uploads/files/srtm_5x5/TIFF/srtm_57_14.zip
srtm_58_01.tif,https://srtm.csi.cgiar.org/wp-content/uploads/files/srtm_5x5/TIFF/srtm_58_01.zip
srtm_58_02.tif,https://srtm.csi.cgiar.org/wp-content/uploads/files/srtm_5x5/TIFF/srtm_58_02.zip
srtm_58_03.tif,https://srtm.csi.cgiar.org/wp-content/uploads/files/srtm_5x5/TIFF/srtm_58_03.zip
srtm_58_04.tif,https://srtm.csi.cgiar.org/wp-content/uploads/files/srtm_5x5/TIFF/srtm_58_04.zip
srtm_58_05.tif,https://srtm.csi.cgiar.org/wp-content/uploads/files/srtm_5x5/TIFF/srtm_58_05.zip
srtm_58_06.tif,https://srtm.csi.cgiar.org/wp-content/uploads/files/srtm_5x5/TIFF/srtm_58_06.zip
srtm_58_07.tif,https://srtm.csi.cgiar.org/wp-content/uploads/files/srtm_5x5/TIFF/srtm_58_07.zip
srtm_58_08.tif,https://srtm.csi.cgiar.org/wp-content/uploads/files/srtm_5x5/TIFF/srtm_58_08.zip
srtm_58_09.tif,https://srtm.csi.cgiar.org/wp-content/uploads/files/srtm_5x5/TIFF/srtm_58_09.zip
srtm_58_10.tif,https://srtm.csi.cgiar.org/wp-content/uploads/files/srtm_5x5/TIFF/srtm_58_10.zip
srtm_58_11.tif,https://srtm.csi.cgiar.org/wp-content/uploads/files/srtm_5x5/TIFF/srtm_58_11.zip
srtm_58_12.tif,https://srtm.csi.cgiar.org/wp-content/uploads/files/srtm_5x5/TIFF/srtm_58_12.zip
srtm_58_13.tif,https://srtm.csi.cgiar.org/wp-content/uploads/files/srtm_5x5/TIFF/srtm_58_13.zip
srtm_58_14.tif,https://srtm.csi.cgiar.org/wp-content/uploads/files/srtm_5x5/TIFF/srtm_58_14.zip
srtm_58_15.tif,https://srtm.csi.cgiar.org/wp-content/uploads/files/srtm_5x5/TIFF/srtm_58_15.zip
srtm_59_01.tif,https://srtm.csi.cgiar.org/wp-content/uploads/files/srtm_5x5/TIFF/srtm_59_01.zip
srtm_59_02.tif,https://srtm.csi.cgiar.org/wp-content/uploads/files/srtm_5x5/TIFF/srtm_59_02.zip
srtm_59_03.tif,https://srtm.csi.cgiar.org/wp-content/uploads/files/srtm_5x5/TIFF/srtm_59_03.zip
srtm_59_04.tif,https://srtm.csi.cgiar.org/wp-content/uploads/files/srtm_5x5/TIFF/srtm_59_04.zip
srtm_59_05.tif,https://srtm.csi.cgiar.org/wp-content/uploads/files/srtm_5x5/TIFF/srtm_59_05.zip
srtm_59_06.tif,https://srtm.csi.cgiar.org/wp-content/uploads/files/srtm_5x5/TIFF/srtm_59_06.zip
srtm_59_07.tif,https://srtm.csi.cgiar.org/wp-content/uploads/files/srtm_5x5/TIFF/srtm_59_07.zip
srtm_59_08.tif,https://srtm.csi.cgiar.org/wp-content/uploads/files/srtm_5x5/TIFF/srtm_59_08.zip
srtm_59_09.tif,https://srtm.csi.cgiar.org/wp-content/uploads/files/srtm_5x5/TIFF/srtm_59_09.zip
srtm_59_10.tif,https://srtm.csi.cgiar.org/wp-content/uploads/files/srtm_5x5/TIFF/srtm_59_10.zip
srtm_59_11.tif,https://srtm.csi.cgiar.org/wp-content/uploads/files/srtm_5x5/TIFF/srtm_59_11.zip
srtm_59_12.tif,https://srtm.csi.cgiar.org/wp-content/uploads/files/srtm_5x5/TIFF/srtm_59_12.zip
srtm_59_13.tif,https://srtm.csi.cgiar.org/wp-content/uploads/files/srtm_5x5/TIFF/srtm_59_13.zip
srtm_59_14.tif,https://srtm.csi.cgiar.org/wp-content/uploads/files/srtm_5x5/TIFF/srtm_59_14.zip
srtm_59_17.tif,https://srtm.csi.cgiar.org/wp-content/uploads/files/srtm_5x5/TIFF/srtm_59_17.zip
srtm_59_18.tif,https://srtm.csi.cgiar.org/wp-content/uploads/files/srtm_5x5/TIFF/srtm_59_18.zip
srtm_59_19.tif,https://srtm.csi.cgiar.org/wp-content/uploads/files/srtm_5x5/TIFF/srtm_59_19.zip
srtm_60_01.tif,https://srtm.csi.cgiar.org/wp-content/uploads/files/srtm_5x5/TIFF/srtm_60_01.zip
srtm_60_02.tif,https://srtm.csi.cgiar.org/wp-content/uploads/files/srtm_5x5/TIFF/srtm_60_02.zip
srtm_60_03.tif,https://srtm.csi.cgiar.org/wp-content/uploads/files/srtm_5x5/TIFF/srtm_60_03.zip
srtm_60_04.tif,https://srtm.csi.cgiar.org/wp-content/uploads/files/srtm_5x5/TIFF/srtm_60_04.zip
srtm_60_05.tif,https://srtm.csi.cgiar.org/wp-content/uploads/files/srtm_5x5/TIFF/srtm_60_05.zip
srtm_60_06.tif,https://srtm.csi.cgiar.org/wp-content/uploads/files/srtm_5x5/TIFF/srtm_60_06.zip
srtm_60_07.tif,https://srtm.csi.cgiar.org/wp-content/uploads/files/srtm_5x5/TIFF/srtm_60_07.zip
srtm_60_08.tif,https://srtm.csi.cgiar.org/wp-content/uploads/files/srtm_5x5/TIFF/srtm_60_08.zip
srtm_60_09.tif,https://srtm.csi.cgiar.org/wp-content/uploads/files/srtm_5x5/TIFF/srtm_60_09.zip
srtm_60_10.tif,https://srtm.csi.cgiar.org/wp-content/uploads/files/srtm_5x5/TIFF/srtm_60_10.zip
srtm_60_11.tif,https://srtm.csi.cgiar.org/wp-content/uploads/files/srtm_5x5/TIFF/srtm_60_11.zip
srtm_60_12.tif,https://srtm.csi.cgiar.org/wp-content/uploads/files/srtm_5x5/TIFF/srtm_60_12.zip
srtm_60_13.tif,https://srtm.csi.cgiar.org/wp-content/uploads/files/srtm_5x5/TIFF/srtm_60_13.zip
srtm_60_14.tif,https://srtm.csi.cgiar.org/wp-content/uploads/files/srtm_5x5/TIFF/srtm_60_14.zip
srtm_60_15.tif,https://srtm.csi.cgiar.org/wp-content/uploads/files/srtm_5x5/TIFF/srtm_60_15.zip
srtm_60_16.tif,https://srtm.csi.cgiar.org/wp-content/uploads/files/srtm_5x5/TIFF/srtm_60_16.zip
srtm_60_17.tif,https://srtm.csi.cgiar.org/wp-content/uploads/files/srtm_5x5/TIFF/srtm_60_17.zip
srtm_60_18.tif,https://srtm.csi.cgiar.org/wp-content/uploads/files/srtm_5x5/TIFF/srtm_60_18.zip
srtm_60_19.tif,https://srtm.csi.cgiar.org/wp-content/uploads/files/srtm_5x5/TIFF/srtm_60_19.zip
srtm_60_20.tif,https://srtm.csi.cgiar.org/wp-content/uploads/files/srtm_5x5/TIFF/srtm_60_20.zip
srtm_61_01.tif,https://srtm.csi.cgiar.org/wp-content/uploads/files/srtm_5x5/TIFF/srtm_61_01.zip
srtm_61_02.tif,https://srtm.csi.cgiar.org/wp-content/uploads/files/srtm_5x5/TIFF/srtm_61_02.zip
srtm_61_03.tif,https://srtm.csi.cgiar.org/wp-content/uploads/files/srtm_5x5/TIFF/srtm_61_03.zip
srtm_61_04.tif,https://srtm.csi.cgiar.org/wp-content/uploads/files/srtm_5x5/TIFF/srtm_61_04.zip
srtm_61_05.tif,https://srtm.csi.cgiar.org/wp-content/uploads/files/srtm_5x5/TIFF/srtm_61_05.zip
srtm_61_06.tif,https://srtm.csi.cgiar.org/wp-content/uploads/files/srtm_5x5/TIFF/srtm_61_06.zip
srtm_61_07.tif,https://srtm.csi.cgiar.org/wp-content/uploads/files/srtm_5x5/TIFF/srtm_61_07.zip
srtm_61_08.tif,https://srtm.csi.cgiar.org/wp-content/uploads/files/srtm_5x5/TIFF/srtm_61_08.zip
srtm_61_09.tif,https://srtm.csi.cgiar.org/wp-content/uploads/files/srtm_5x5/TIFF/srtm_61_09.zip
srtm_61_10.tif,https://srtm.csi.cgiar.org/wp-content/uploads/files/srtm_5x5/TIFF/srtm_61_10.zip
srtm_61_11.tif,https://srtm.csi.cgiar.org/wp-content/uploads/files/srtm_5x5/TIFF/srtm_61_11.zip
srtm_61_12.tif,https://srtm.csi.cgiar.org/wp-content/uploads/files/srtm_5x5/TIFF/srtm_61_12.zip
srtm_61_13.tif,https://srtm.csi.cgiar.org/wp-content/uploads/files/srtm_5x5/TIFF/srtm_61_13.zip
srtm_61_14.tif,https://srtm.csi.cgiar.org/wp-content/uploads/files/srtm_5x5/TIFF/srtm_61_14.zip
srtm_61_15.tif,https://srtm.csi.cgiar.org/wp-content/uploads/files/srtm_5x5/TIFF/srtm_61_15.zip
srtm_61_16.tif,https://srtm.csi.cgiar.org/wp-content/uploads/files/srtm_5x5/TIFF/srtm_61_16.zip
srtm_61_17.tif,https://srtm.csi.cgiar.org/wp-content/uploads/files/srtm_5x5/TIFF/srtm_61_17.zip
srtm_61_18.tif,https://srtm.csi.cgiar.org/wp-content/uploads/files/srtm_5x5/TIFF/srtm_61_18.zip
srtm_61_19.tif,https://srtm.csi.cgiar.org/wp-content/uploads/files/srtm_5x5/TIFF/srtm_61_19.zip
srtm_62_01.tif,https://srtm.csi.cgiar.org/wp-content/uploads/files/srtm_5x5/TIFF/srtm_62_01.zip
srtm_62_02.tif,https://srtm.csi.cgiar.org/wp-content/uploads/files/srtm_5x5/TIFF/srtm_62_02.zip
srtm_62_03.tif,https://srtm.csi.cgiar.org/wp-content/uploads/files/srtm_5x5/TIFF/srtm_62_03.zip
srtm_62_04.tif,https://srtm.csi.cgiar.org/wp-content/uploads/files/srtm_5x5/TIFF/srtm_62_04.zip
srtm_62_05.tif,https://srtm.csi.cgiar.org/wp-content/uploads/files/srtm_5x5/TIFF/srtm_62_05.zip
srtm_62_06.tif,https://srtm.csi.cgiar.org/wp-content/uploads/files/srtm_5x5/TIFF/srtm_62_06.zip
srtm_62_07.tif,https://srtm.csi.cgiar.org/wp-content/uploads/files/srtm_5x5/TIFF/srtm_62_07.zip
srtm_62_08.tif,https://srtm.csi.cgiar.org/wp-content/uploads/files/srtm_5x5/TIFF/srtm_62_08.zip
srtm_62_10.tif,https://srtm.csi.cgiar.org/wp-content/uploads/files/srtm_5x5/TIFF/srtm_62_10.zip
srtm_62_11.tif,https://srtm.csi.cgiar.org/wp-content/uploads/files/srtm_5x5/TIFF/srtm_62_11.zip
srtm_62_12.tif,https://srtm.csi.cgiar.org/wp-content/uploads/files/srtm_5x5/TIFF/srtm_62_12.zip
srtm_62_13.tif,https://srtm.csi.cgiar.org/wp-content/uploads/files/srtm_5x5/TIFF/srtm_62_13.zip
srtm_62_14.tif,https://srtm.csi.cgiar.org/wp-content/uploads/files/srtm_5x5/TIFF/srtm_62_14.zip
srtm_62_15.tif,https://srtm.csi.cgiar.org/wp-content/uploads/files/srtm_5x5/TIFF/srtm_62_15.zip
srtm_62_16.tif,https://srtm.csi.cgiar.org/wp-content/uploads/files/srtm_5x5/TIFF/srtm_62_16.zip
srtm_62_17.tif,https://srtm.csi.cgiar.org/wp-content/uploads/files/srtm_5x5/TIFF/srtm_62_17.zip
srtm_62_18.tif,https://srtm.csi.cgiar.org/wp-content/uploads/files/srtm_5x5/TIFF/srtm_62_18.zip
srtm_62_19.tif,https://srtm.csi.cgiar.org/wp-content/uploads/files/srtm_5x5/TIFF/srtm_62_19.zip
srtm_63_01.tif,https://srtm.csi.cgiar.org/wp-content/uploads/files/srtm_5x5/TIFF/srtm_63_01.zip
srtm_63_02.tif,https://srtm.csi.cgiar.org/wp-content/uploads/files/srtm_5x5/TIFF/srtm_63_02.zip
srtm_63_03.tif,https://srtm.csi.cgiar.org/wp-content/uploads/files/srtm_5x5/TIFF/srtm_63_03.zip
srtm_63_04.tif,https://srtm.csi.cgiar.org/wp-content/uploads/files/srtm_5x5/TIFF/srtm_63_04.zip
srtm_63_05.tif,https://srtm.csi.cgiar.org/wp-content/uploads/files/srtm_5x5/TIFF/srtm_63_05.zip
srtm_63_06.tif,https://srtm.csi.cgiar.org/wp-content/uploads/files/srtm_5x5/TIFF/srtm_63_06.zip
srtm_63_07.tif,https://srtm.csi.cgiar.org/wp-content/uploads/files/srtm_5x5/TIFF/srtm_63_07.zip
srtm_63_08.tif,https://srtm.csi.cgiar.org/wp-content/uploads/files/srtm_5x5/TIFF/srtm_63_08.zip
srtm_63_11.tif,https://srtm.csi.cgiar.org/wp-content/uploads/files/srtm_5x5/TIFF/srtm_63_11.zip
srtm_63_12.tif,https://srtm.csi.cgiar.org/wp-content/uploads/files/srtm_5x5/TIFF/srtm_63_12.zip
srtm_63_13.tif,https://srtm.csi.cgiar.org/wp-content/uploads/files/srtm_5x5/TIFF/srtm_63_13.zip
srtm_63_14.tif,https://srtm.csi.cgiar.org/wp-content/uploads/files/srtm_5x5/TIFF/srtm_63_14.zip
srtm_63_15.tif,https://srtm.csi.cgiar.org/wp-content/uploads/files/srtm_5x5/TIFF/srtm_63_15.zip
srtm_63_16.tif,https://srtm.csi.cgiar.org/wp-content/uploads/files/srtm_5x5/TIFF/srtm_63_16.zip
srtm_63_17.tif,https://srtm.csi.cgiar.org/wp-content/uploads/files/srtm_5x5/TIFF/srtm_63_17.zip
srtm_63_18.tif,https://srtm.csi.cgiar.org/wp-content/uploads/files/srtm_5x5/TIFF/srtm_63_18.zip
srtm_63_19.tif,https://srtm.csi.cgiar.org/wp-content/uploads/files/srtm_5x5/TIFF/srtm_63_19.zip
srtm_64_01.tif,https://srtm.csi.cgiar.org/wp-content/uploads/files/srtm_5x5/TIFF/srtm_64_01.zip
srtm_64_02.tif,https://srtm.csi.cgiar.org/wp-content/uploads/files/srtm_5x5/TIFF/srtm_64_02.zip
srtm_64_03.tif,https://srtm.csi.cgiar.org/wp-content/uploads/files/srtm_5x5/TIFF/srtm_64_03.zip
srtm_64_04.tif,https://srtm.csi.cgiar.org/wp-content/uploads/files/srtm_5x5/TIFF/srtm_64_04.zip
srtm_64_05.tif,https://srtm.csi.cgiar.org/wp-content/uploads/files/srtm_5x5/TIFF/srtm_64_05.zip
srtm_64_06.tif,https://srtm.csi.cgiar.org/wp-content/uploads/files/srtm_5x5/TIFF/srtm_64_06.zip
srtm_64_08.tif,https://srtm.csi.cgiar.org/wp-content/uploads/files/srtm_5x5/TIFF/srtm_64_08.zip
srtm_64_10.tif,https://srtm.csi.cgiar.org/wp-content/uploads/files/srtm_5x5/TIFF/srtm_64_10.zip
srtm_64_11.tif,https://srtm.csi.cgiar.org/wp-content/uploads/files/srtm_5x5/TIFF/srtm_64_11.zip
srtm_64_13.tif,https://srtm.csi.cgiar.org/wp-content/uploads/files/srtm_5x5/TIFF/srtm_64_13.zip
srtm_64_14.tif,https://srtm.csi.cgiar.org/wp-content/uploads/files/srtm_5x5/TIFF/srtm_64_14.zip
srtm_64_15.tif,https://srtm.csi.cgiar.org/wp-content/uploads/files/srtm_5x5/TIFF/srtm_64_15.zip
srtm_64_16.tif,https://srtm.csi.cgiar.org/wp-content/uploads/files/srtm_5x5/TIFF/srtm_64_16.zip
srtm_64_17.tif,https://srtm.csi.cgiar.org/wp-content/uploads/files/srtm_5x5/TIFF/srtm_64_17.zip
srtm_64_18.tif,https://srtm.csi.cgiar.org/wp-content/uploads/files/srtm_5x5/TIFF/srtm_64_18.zip
srtm_64_19.tif,https://srtm.csi.cgiar.org/wp-content/uploads/files/srtm_5x5/TIFF/srtm_64_19.zip
srtm_64_20.tif,https://srtm.csi.cgiar.org/wp-content/uploads/files/srtm_5x5/TIFF/srtm_64_20.zip
srtm_65_01.tif,https://srtm.csi.cgiar.org/wp-content/uploads/files/srtm_5x5/TIFF/srtm_65_01.zip
srtm_65_02.tif,https://srtm.csi.cgiar.org/wp-content/uploads/files/srtm_5x5/TIFF/srtm_65_02.zip
srtm_65_03.tif,https://srtm.csi.cgiar.org/wp-content/uploads/files/srtm_5x5/TIFF/srtm_65_03.zip
srtm_65_04.tif,https://srtm.csi.cgiar.org/wp-content/uploads/files/srtm_5x5/TIFF/srtm_65_04.zip
srtm_65_05.tif,https://srtm.csi.cgiar.org/wp-content/uploads/files/srtm_5x5/TIFF/srtm_65_05.zip
srtm_65_06.tif,https://srtm.csi.cgiar.org/wp-content/uploads/files/srtm_5x5/TIFF/srtm_65_06.zip
srtm_65_07.tif,https://srtm.csi.cgiar.org/wp-content/uploads/files/srtm_5x5/TIFF/srtm_65_07.zip
srtm_65_08.tif,https://srtm.csi.cgiar.org/wp-content/uploads/files/srtm_5x5/TIFF/srtm_65_08.zip
srtm_65_10.tif,https://srtm.csi.cgiar.org/wp-content/uploads/files/srtm_5x5/TIFF/srtm_65_10.zip
srtm_65_11.tif,https://srtm.csi.cgiar.org/wp-content/uploads/files/srtm_5x5/TIFF/srtm_65_11.zip
srtm_65_13.tif,https://srtm.csi.cgiar.org/wp-content/uploads/files/srtm_5x5/TIFF/srtm_65_13.zip
srtm_65_14.tif,https://srtm.csi.cgiar.org/wp-content/uploads/files/srtm_5x5/TIFF/srtm_65_14.zip
srtm_65_15.tif,https://srtm.csi.cgiar.org/wp-content/uploads/files/srtm_5x5/TIFF/srtm_65_15.zip
srtm_65_16.tif,https://srtm.csi.cgiar.org/wp-content/uploads/files/srtm_5x5/TIFF/srtm_65_16.zip
srtm_65_17.tif,https://srtm.csi.cgiar.org/wp-content/uploads/files/srtm_5x5/TIFF/srtm_65_17.zip
srtm_65_18.tif,https://srtm.csi.cgiar.org/wp-content/uploads/files/srtm_5x5/TIFF/srtm_65_18.zip
srtm_65_19.tif,https://srtm.csi.cgiar.org/wp-content/uploads/files/srtm_5x5/TIFF/srtm_65_19.zip
srtm_65_20.tif,https://srtm.csi.cgiar.org/wp-content/uploads/files/srtm_5x5/TIFF/srtm_65_20.zip
srtm_65_21.tif,https://srtm.csi.cgiar.org/wp-content/uploads/files/srtm_5x5/TIFF/srtm_65_21.zip
srtm_66_01.tif,https://srtm.csi.cgiar.org/wp-content/uploads/files/srtm_5x5/TIFF/srtm_66_01.zip
srtm_66_03.tif,https://srtm.csi.cgiar.org/wp-content/uploads/files/srtm_5x5/TIFF/srtm_66_03.zip
srtm_66_04.tif,https://srtm.csi.cgiar.org/wp-content/uploads/files/srtm_5x5/TIFF/srtm_66_04.zip
srtm_66_08.tif,https://srtm.csi.cgiar.org/wp-content/uploads/files/srtm_5x5/TIFF/srtm_66_08.zip
srtm_66_09.tif,https://srtm.csi.cgiar.org/wp-content/uploads/files/srtm_5x5/TIFF/srtm_66_09.zip
srtm_66_10.tif,https://srtm.csi.cgiar.org/wp-content/uploads/files/srtm_5x5/TIFF/srtm_66_10.zip
srtm_66_11.tif,https://srtm.csi.cgiar.org/wp-content/uploads/files/srtm_5x5/TIFF/srtm_66_11.zip
srtm_66_13.tif,https://srtm.csi.cgiar.org/wp-content/uploads/files/srtm_5x5/TIFF/srtm_66_13.zip
srtm_66_14.tif,https://srtm.csi.cgiar.org/wp-content/uploads/files/srtm_5x5/TIFF/srtm_66_14.zip
srtm_66_15.tif,https://srtm.csi.cgiar.org/wp-content/uploads/files/srtm_5x5/TIFF/srtm_66_15.zip
srtm_66_16.tif,https://srtm.csi.cgiar.org/wp-content/uploads/files/srtm_5x5/TIFF/srtm_66_16.zip
srtm_66_17.tif,https://srtm.csi.cgiar.org/wp-content/uploads/files/srtm_5x5/TIFF/srtm_66_17.zip
srtm_66_18.tif,https://srtm.csi.cgiar.org/wp-content/uploads/files/srtm_5x5/TIFF/srtm_66_18.zip
srtm_66_19.tif,https://srtm.csi.cgiar.org/wp-content/uploads/files/srtm_5x5/TIFF/srtm_66_19.zip
srtm_66_20.tif,https://srtm.csi.cgiar.org/wp-content/uploads/files/srtm_5x5/TIFF/srtm_66_20.zip
srtm_66_21.tif,https://srtm.csi.cgiar.org/wp-content/uploads/files/srtm_5x5/TIFF/srtm_66_21.zip
srtm_67_01.tif,https://srtm.csi.cgiar.org/wp-content/uploads/files/srtm_5x5/TIFF/srtm_67_01.zip
srtm_67_02.tif,https://srtm.csi.cgiar.org/wp-content/uploads/files/srtm_5x5/TIFF/srtm_67_02.zip
srtm_67_03.tif,https://srtm.csi.cgiar.org/wp-content/uploads/files/srtm_5x5/TIFF/srtm_67_03.zip
srtm_67_08.tif,https://srtm.csi.cgiar.org/wp-content/uploads/files/srtm_5x5/TIFF/srtm_67_08.zip
srtm_67_11.tif,https://srtm.csi.cgiar.org/wp-content/uploads/files/srtm_5x5/TIFF/srtm_67_11.zip
srtm_67_12.tif,https://srtm.csi.cgiar.org/wp-content/uploads/files/srtm_5x5/TIFF/srtm_67_12.zip
srtm_67_13.tif,https://srtm.csi.cgiar.org/wp-content/uploads/files/srtm_5x5/TIFF/srtm_67_13.zip
srtm_67_14.tif,https://srtm.csi.cgiar.org/wp-content/uploads/files/srtm_5x5/TIFF/srtm_67_14.zip
srtm_67_15.tif,https://srtm.csi.cgiar.org/wp-content/uploads/files/srtm_5x5/TIFF/srtm_67_15.zip
srtm_67_16.tif,https://srtm.csi.cgiar.org/wp-content/uploads/files/srtm_5x5/TIFF/srtm_67_16.zip
srtm_67_17.tif,https://srtm.csi.cgiar.org/wp-content/uploads/files/srtm_5x5/TIFF/srtm_67_17.zip
srtm_67_18.tif,https://srtm.csi.cgiar.org/wp-content/uploads/files/srtm_5x5/TIFF/srtm_67_18.zip
srtm_67_19.tif,https://srtm.csi.cgiar.org/wp-content/uploads/files/srtm_5x5/TIFF/srtm_67_19.zip
srtm_67_20.tif,https://srtm.csi.cgiar.org/wp-content/uploads/files/srtm_5x5/TIFF/srtm_67_20.zip
srtm_68_01.tif,https://srtm.csi.cgiar.org/wp-content/uploads/files/srtm_5x5/TIFF/srtm_68_01.zip
srtm_68_02.tif,https://srtm.csi.cgiar.org/wp-content/uploads/files/srtm_5x5/TIFF/srtm_68_02.zip
srtm_68_03.tif,https://srtm.csi.cgiar.org/wp-content/uploads/files/srtm_5x5/TIFF/srtm_68_03.zip
srtm_68_11.tif,https://srtm.csi.cgiar.org/wp-content/uploads/files/srtm_5x5/TIFF/srtm_68_11.zip
srtm_68_13.tif,https://srtm.csi.cgiar.org/wp-content/uploads/files/srtm_5x5/TIFF/srtm_68_13.zip
srtm_68_14.tif,https://srtm.csi.cgiar.org/wp-content/uploads/files/srtm_5x5/TIFF/srtm_68_14.zip
srtm_68_15.tif,https://srtm.csi.cgiar.org/wp-content/uploads/files/srtm_5x5/TIFF/srtm_68_15.zip
srtm_68_16.tif,https://srtm.csi.cgiar.org/wp-content/uploads/files/srtm_5x5/TIFF/srtm_68_16.zip
srtm_68_17.tif,https://srtm.csi.cgiar.org/wp-content/uploads/files/srtm_5x5/TIFF/srtm_68_17.zip
srtm_68_19.tif,https://srtm.csi.cgiar.org/wp-content/uploads/files/srtm_5x5/TIFF/srtm_68_19.zip
srtm_68_23.tif,https://srtm.csi.cgiar.org/wp-content/uploads/files/srtm_5x5/TIFF/srtm_68_23.zip
srtm_68_24.tif,https://srtm.csi.cgiar.org/wp-content/uploads/files/srtm_5x5/TIFF/srtm_68_24.zip
srtm_69_01.tif,https://srtm.csi.cgiar.org/wp-content/uploads/files/srtm_5x5/TIFF/srtm_69_01.zip
srtm_69_02.tif,https://srtm.csi.cgiar.org/wp-content/uploads/files/srtm_5x5/TIFF/srtm_69_02.zip
srtm_69_10.tif,https://srtm.csi.cgiar.org/wp-content/uploads/files/srtm_5x5/TIFF/srtm_69_10.zip
srtm_69_11.tif,https://srtm.csi.cgiar.org/wp-content/uploads/files/srtm_5x5/TIFF/srtm_69_11.zip
srtm_69_14.tif,https://srtm.csi.cgiar.org/wp-content/uploads/files/srtm_5x5/TIFF/srtm_69_14.zip
srtm_69_15.tif,https://srtm.csi.cgiar.org/wp-content/uploads/files/srtm_5x5/TIFF/srtm_69_15.zip
srtm_69_16.tif,https://srtm.csi.cgiar.org/wp-content/uploads/files/srtm_5x5/TIFF/srtm_69_16.zip
srtm_69_17.tif,https://srtm.csi.cgiar.org/wp-content/uploads/files/srtm_5x5/TIFF/srtm_69_17.zip
srtm_70_01.tif,https://srtm.csi.cgiar.org/wp-content/uploads/files/srtm_5x5/TIFF/srtm_70_01.zip
srtm_70_02.tif,https://srtm.csi.cgiar.org/wp-content/uploads/files/srtm_5x5/TIFF/srtm_70_02.zip
srtm_70_09.tif,https://srtm.csi.cgiar.org/wp-content/uploads/files/srtm_5x5/TIFF/srtm_70_09.zip
srtm_70_10.tif,https://srtm.csi.cgiar.org/wp-content/uploads/files/srtm_5x5/TIFF/srtm_70_10.zip
srtm_70_11.tif,https://srtm.csi.cgiar.org/wp-content/uploads/files/srtm_5x5/TIFF/srtm_70_11.zip
srtm_70_12.tif,https://srtm.csi.cgiar.org/wp-content/uploads/files/srtm_5x5/TIFF/srtm_70_12.zip
srtm_70_13.tif,https://srtm.csi.cgiar.org/wp-content/uploads/files/srtm_5x5/TIFF/srtm_70_13.zip
srtm_70_14.tif,https://srtm.csi.cgiar.org/wp-content/uploads/files/srtm_5x5/TIFF/srtm_70_14.zip
srtm_70_15.tif,https://srtm.csi.cgiar.org/wp-content/uploads/files/srtm_5x5/TIFF/srtm_70_15.zip
srtm_70_16.tif,https://srtm.csi.cgiar.org/wp-content/uploads/files/srtm_5x5/TIFF/srtm_70_16.zip
srtm_70_17.tif,https://srtm.csi.cgiar.org/wp-content/uploads/files/srtm_5x5/TIFF/srtm_70_17.zip
srtm_70_18.tif,https://srtm.csi.cgiar.org/wp-content/uploads/files/srtm_5x5/TIFF/srtm_70_18.zip
srtm_70_21.tif,https://srtm.csi.cgiar.org/wp-content/uploads/files/srtm_5x5/TIFF/srtm_70_21.zip
srtm_70_22.tif,https://srtm.csi.cgiar.org/wp-content/uploads/files/srtm_5x5/TIFF/srtm_70_22.zip
srtm_70_23.tif,https://srtm.csi.cgiar.org/wp-content/uploads/files/srtm_5x5/TIFF/srtm_70_23.zip
srtm_71_02.tif,https://srtm.csi.cgiar.org/wp-content/uploads/files/srtm_5x5/TIFF/srtm_71_02.zip
srtm_71_10.tif,https://srtm.csi.cgiar.org/wp-content/uploads/files/srtm_5x5/TIFF/srtm_71_10.zip
srtm_71_11.tif,https://srtm.csi.cgiar.org/wp-content/uploads/files/srtm_5x5/TIFF/srtm_71_11.zip
srtm_71_12.tif,https://srtm.csi.cgiar.org/wp-content/uploads/files/srtm_5x5/TIFF/srtm_71_12.zip
srtm_71_13.tif,https://srtm.csi.cgiar.org/wp-content/uploads/files/srtm_5x5/TIFF/srtm_71_13.zip
srtm_71_15.tif,https://srtm.csi.cgiar.org/wp-content/uploads/files/srtm_5x5/TIFF/srtm_71_15.zip
srtm_71_16.tif,https://srtm.csi.cgiar.org/wp-content/uploads/files/srtm_5x5/TIFF/srtm_71_16.zip
srtm_71_17.tif,https://srtm.csi.cgiar.org/wp-content/uploads/files/srtm_5x5/TIFF/srtm_71_17.zip
srtm_71_19.tif,https://srtm.csi.cgiar.org/wp-content/uploads/files/srtm_5x5/TIFF/srtm_71_19.zip
srtm_71_20.tif,https://srtm.csi.cgiar.org/wp-content/uploads/files/srtm_5x5/TIFF/srtm_71_20.zip
srtm_71_21.tif,https://srtm.csi.cgiar.org/wp-content/uploads/files/srtm_5x5/TIFF/srtm_71_21.zip
srtm_71_22.tif,https://srtm.csi.cgiar.org/wp-content/uploads/files/srtm_5x5/TIFF/srtm_71_22.zip
srtm_72_02.tif,https://srtm.csi.cgiar.org/wp-content/uploads/files/srtm_5x5/TIFF/srtm_72_02.zip
srtm_72_13.tif,https://srtm.csi.cgiar.org/wp-content/uploads/files/srtm_5x5/TIFF/srtm_72_13.zip
srtm_72_14.tif,https://srtm.csi.cgiar.org/wp-content/uploads/files/srtm_5x5/TIFF/srtm_72_14.zip
srtm_72_15.tif,https://srtm.csi.cgiar.org/wp-content/uploads/files/srtm_5x5/TIFF/srtm_72_15.zip
srtm_72_16.tif,https://srtm.csi.cgiar.org/wp-content/uploads/files/srtm_5x5/TIFF/srtm_72_16.zip
srtm_72_20.tif,https://srtm.csi.cgiar.org/wp-content/uploads/files/srtm_5x5/TIFF/srtm_72_20.zip
srtm_72_21.tif,https://srtm.csi.cgiar.org/wp-content/uploads/files/srtm_5x5/TIFF/srtm_72_21.zip
srtm_72_22.tif,https://srtm.csi.cgiar.org/wp-content/uploads/files/srtm_5x5/TIFF/srtm_72_22.zip