70S180W_20101117_gmted_mea075.tif,https://edcintl.cr.usgs.gov/downloads/sciweb1/shared/topo/downloads/GMTED/Global_tiles_GMTED/075darcsec/mea/W180/70S180W_20101117_gmted_mea075.tif
50S180W_20101117_gmted_mea075.tif,https://edcintl.cr.usgs.gov/downloads/sciweb1/shared/topo/downloads/GMTED/Global_tiles_GMTED/075darcsec/mea/W180/50S180W_20101117_gmted_mea075.tif
30S180W_20101117_gmted_mea075.tif,https://edcintl.cr.usgs.gov/downloads/sciweb1/shared/topo/downloads/GMTED/Global_tiles_GMTED/075darcsec/mea/W180/30S180W_20101117_gmted_mea075.tif
10S180W_20101117_gmted_mea075.tif,https://edcintl.cr.usgs.gov/downloads/sciweb1/shared/topo/downloads/GMTED/Global_tiles_GMTED/075darcsec/mea/W180/10S180W_20101117_gmted_mea075.tif
10N180W_20101117_gmted_mea075.tif,https://edcintl.cr.usgs.gov/downloads/sciweb1/shared/topo/downloads/GMTED/Global_tiles_GMTED/075darcsec/mea/W180/10N180W_20101117_gmted_mea075.tif
30N180W_20101117_gmted_mea075.tif,https://edcintl.cr.usgs.gov/downloads/sciweb1/shared/topo/downloads/GMTED/Global_tiles_GMTED/075darcsec/mea/W180/30N180W_20101117_gmted_mea075.tif
50N180W_20101117_gmted_mea075.tif,https://edcintl.cr.usgs.gov/downloads/sciweb1/shared/topo/downloads/GMTED/Global_tiles_GMTED/075darcsec/mea/W180/50N180W_20101117_gmted_mea075.tif
70N180W_20101117_gmted_mea075.tif,https://edcintl.cr.usgs.gov/downloads/sciweb1/shared/topo/downloads/GMTED/Global_tiles_GMTED/075darcsec/mea/W180/70N180W_20101117_gmted_mea075.tif
70S150W_20101117_gmted_mea075.tif,https://edcintl.cr.usgs.gov/downloads/sciweb1/shared/topo/downloads/GMTED/Global_tiles_GMTED/075darcsec/mea/W150/70S150W_20101117_gmted_mea075.tif
50S150W_20101117_gmted_mea075.tif,https://edcintl.cr.usgs.gov/downloads/sciweb1/shared/topo/downloads/GMTED/Global_tiles_GMTED/075darcsec/mea/W150/50S150W_20101117_gmted_mea075.tif
30S150W_20101117_gmted_mea075.tif,https://edcintl.cr.usgs.gov/downloads/sciweb1/shared/topo/downloads/GMTED/Global_tiles_GMTED/075darcsec/mea/W150/30S150W_20101117_gmted_mea075.tif
10S150W_20101117_gmted_mea075.tif,https://edcintl.cr.usgs.gov/downloads/sciweb1/shared/topo/downloads/GMTED/Global_tiles_GMTED/075darcsec/mea/W150/10S150W_20101117_gmted_mea075.tif
10N150W_20101117_gmted_mea075.tif,https://edcintl.cr.usgs.gov/downloads/sciweb1/shared/topo/downloads/GMTED/Global_tiles_GMTED/075darcsec/mea/W150/10N150W_20101117_gmted_mea075.tif
30N150W_20101117_gmted_mea075.tif,https://edcintl.cr.usgs.gov/downloads/sciweb1/shared/topo/downloads/GMTED/Global_tiles_GMTED/075darcsec/mea/W150/30N150W_20101117_gmted_mea075.tif
50N150W_20101117_gmted_mea075.tif,https://edcintl.cr.usgs.gov/downloads/sciweb1/shared/topo/downloads/GMTED/Global_tiles_GMTED/075darcsec/mea/W150/50N150W_20101117_gmted_mea075.tif
70N150W_20101117_gmted_mea075.tif,https://edcintl.cr.usgs.gov/downloads/sciweb1/shared/topo/downloads/GMTED/Global_tiles_GMTED/075darcsec/mea/W150/70N150W_20101117_gmted_mea075.tif
70S120W_20101117_gmted_mea075.tif,https://edcintl.cr.usgs.gov/downloads/sciweb1/shared/topo/downloads/GMTED/Global_tiles_GMTED/075darcsec/mea/W120/70S120W_20101117_gmted_mea075.tif
50S120W_20101117_gmted_mea075.tif,https://edcintl.cr.usgs.gov/downloads/sciweb1/shared/topo/downloads/GMTED/Global_tiles_GMTED/075darcsec/mea/W120/50S120W_20101117_gmted_mea075.tif
30S120W_20101117_gmted_mea075.tif,https://edcintl.cr.usgs.gov/downloads/sciweb1/shared/topo/downloads/GMTED/Global_tiles_GMTED/075darcsec/mea/W120/30S120W_20101117_gmted_mea075.tif
10S120W_20101117_gmted_mea075.tif,https://edcintl.cr.usgs.gov/downloads/sciweb1/shared/topo/downloads/GMTED/Global_tiles_GMTED/075darcsec/mea/W120/10S120W_20101117_gmted_mea075.tif
10N120W_20101117_gmted_mea075.tif,https://edcintl.cr.usgs.gov/downloads/sciweb1/shared/topo/downloads/GMTED/Global_tiles_GMTED/075darcsec/mea/W120/10N120W_20101117_gmted_mea075.tif
30N120W_20101117_gmted_mea075.tif,https://edcintl.cr.usgs.gov/downloads/sciweb1/shared/topo/downloads/GMTED/Global_tiles_GMTED/075darcsec/mea/W120/30N120W_20101117_gmted_mea075.tif
50N120W_20101117_gmted_mea075.tif,https://edcintl.cr.usgs.gov/downloads/sciweb1/shared/topo/downloads/GMTED/Global_tiles_GMTED/075darcsec/mea/W120/50N120W_20101117_gmted_mea075.tif
70N120W_20101117_gmted_mea075.tif,https://edcintl.cr.usgs.gov/downloads/sciweb1/shared/topo/downloads/GMTED/Global_tiles_GMTED/075darcsec/mea/W120/70N120W_20101117_gmted_mea075.tif
70S090W_20101117_gmted_mea075.tif,https://edcintl.cr.usgs.gov/downloads/sciweb1/shared/topo/downloads/GMTED/Global_tiles_GMTED/075darcsec/mea/W090/70S090W_20101117_gmted_mea075.tif
50S090W_20101117_gmted_mea075.tif,https://edcintl.cr.usgs.gov/downloads/sciweb1/shared/topo/downloads/GMTED/Global_tiles_GMTED/075darcsec/mea/W090/50S090W_20101117_gmted_mea075.tif
30S090W_20101117_gmted_mea075.tif,https://edcintl.cr.usgs.gov/downloads/sciweb1/shared/topo/downloads/GMTED/Global_tiles_GMTED/075darcsec/mea/W090/30S090W_20101117_gmted_mea075.tif
10S090W_20101117_gmted_mea075.tif,https://edcintl.cr.usgs.gov/downloads/sciweb1/shared/topo/downloads/GMTED/Global_tiles_GMTED/075darcsec/mea/W090/10S090W_20101117_gmted_mea075.tif
10N090W_20101117_gmted_mea075.tif,https://edcintl.cr.usgs.gov/downloads/sciweb1/shared/topo/downloads/GMTED/Global_tiles_GMTED/075darcsec/mea/W090/10N090W_20101117_gmted_mea075.tif
30N090W_20101117_gmted_mea075.tif,https://edcintl.cr.usgs.gov/downloads/sciweb1/shared/topo/downloads/GMTED/Global_tiles_GMTED/075darcsec/mea/W090/30N090W_20101117_gmted_mea075.tif
50N090W_20101117_gmted_mea075.tif,https://edcintl.cr.usgs.gov/downloads/sciweb1/shared/topo/downloads/GMTED/Global_tiles_GMTED/075darcsec/mea/W090/50N090W_20101117_gmted_mea075.tif
70N090W_20101117_gmted_mea075.tif,https://edcintl.cr.usgs.gov/downloads/sciweb1/shared/topo/downloads/GMTED/Global_tiles_GMTED/075darcsec/mea/W090/70N090W_20101117_gmted_mea075.tif
70S060W_20101117_gmted_mea075.tif,https://edcintl.cr.usgs.gov/downloads/sciweb1/shared/topo/downloads/GMTED/Global_tiles_GMTED/075darcsec/mea/W060/70S060W_20101117_gmted_mea075.tif
50S060W_20101117_gmted_mea075.tif,https://edcintl.cr.usgs.gov/downloads/sciweb1/shared/topo/downloads/GMTED/Global_tiles_GMTED/075darcsec/mea/W060/50S060W_20101117_gmted_mea075.tif
30S060W_20101117_gmted_mea075.tif,https://edcintl.cr.usgs.gov/downloads/sciweb1/shared/topo/downloads/GMTED/Global_tiles_GMTED/075darcsec/mea/W060/30S060W_20101117_gmted_mea075.tif
10S060W_20101117_gmted_mea075.tif,https://edcintl.cr.usgs.gov/downloads/sciweb1/shared/topo/downloads/GMTED/Global_tiles_GMTED/075darcsec/mea/W060/10S060W_20101117_gmted_mea075.tif
10N060W_20101117_gmted_mea075.tif,https://edcintl.cr.usgs.gov/downloads/sciweb1/shared/topo/downloads/GMTED/Global_tiles_GMTED/075darcsec/mea/W060/10N060W_20101117_gmted_mea075.tif
30N060W_20101117_gmted_mea075.tif,https://edcintl.cr.usgs.gov/downloads/sciweb1/shared/topo/downloads/GMTED/Global_tiles_GMTED/075darcsec/mea/W060/30N060W_20101117_gmted_mea075.tif
50N060W_20101117_gmted_mea075.tif,https://edcintl.cr.usgs.gov/downloads/sciweb1/shared/topo/downloads/GMTED/Global_tiles_GMTED/075darcsec/mea/W060/50N060W_20101117_gmted_mea075.tif
70N060W_20101117_gmted_mea075.tif,https://edcintl.cr.usgs.gov/downloads/sciweb1/shared/topo/downloads/GMTED/Global_tiles_GMTED/075darcsec/mea/W060/70N060W_20101117_gmted_mea075.tif
70S030W_20101117_gmted_mea075.tif,https://edcintl.cr.usgs.gov/downloads/sciweb1/shared/topo/downloads/GMTED/Global_tiles_GMTED/075darcsec/mea/W030/70S030W_20101117_gmted_mea075.tif
50S030W_20101117_gmted_mea075.tif,https://edcintl.cr.usgs.gov/downloads/sciweb1/shared/topo/downloads/GMTED/Global_tiles_GMTED/075darcsec/mea/W030/50S030W_20101117_gmted_mea075.tif
30S030W_20101117_gmted_mea075.tif,https://edcintl.cr.usgs.gov/downloads/sciweb1/shared/topo/downloads/GMTED/Global_tiles_GMTED/075darcsec/mea/W030/30S030W_20101117_gmted_mea075.tif
10S030W_20101117_gmted_mea075.tif,https://edcintl.cr.usgs.gov/downloads/sciweb1/shared/topo/downloads/GMTED/Global_tiles_GMTED/075darcsec/mea/W030/10S030W_20101117_gmted_mea075.tif
10N030W_20101117_gmted_mea075.tif,https://edcintl.cr.usgs.gov/downloads/sciweb1/shared/topo/downloads/GMTED/Global_tiles_GMTED/075darcsec/mea/W030/10N030W_20101117_gmted_mea075.tif
30N030W_20101117_gmted_mea075.tif,https://edcintl.cr.usgs.gov/downloads/sciweb1/shared/topo/downloads/GMTED/Global_tiles_GMTED/075darcsec/mea/W030/30N030W_20101117_gmted_mea075.tif
50N030W_20101117_gmted_mea075.tif,https://edcintl.cr.usgs.gov/downloads/sciweb1/shared/topo/downloads/GMTED/Global_tiles_GMTED/075darcsec/mea/W030/50N030W_20101117_gmted_mea075.tif
70N030W_20101117_gmted_mea075.tif,https://edcintl.cr.usgs.gov/downloads/sciweb1/shared/topo/downloads/GMTED/Global_tiles_GMTED/075darcsec/mea/W030/70N030W_20101117_gmted_mea075.tif
70S000E_20101117_gmted_mea075.tif,https://edcintl.cr.usgs.gov/downloads/sciweb1/shared/topo/downloads/GMTED/Global_tiles_GMTED/075darcsec/mea/E000/70S000E_20101117_gmted_mea075.tif
50S000E_20101117_gmted_mea075.tif,https://edcintl.cr.usgs.gov/downloads/sciweb1/shared/topo/downloads/GMTED/Global_tiles_GMTED/075darcsec/mea/E000/50S000E_20101117_gmted_mea075.tif
30S000E_20101117_gmted_mea075.tif,https://edcintl.cr.usgs.gov/downloads/sciweb1/shared/topo/downloads/GMTED/Global_tiles_GMTED/075darcsec/mea/E000/30S000E_20101117_gmted_mea075.tif
10S000E_20101117_gmted_mea075.tif,https://edcintl.cr.usgs.gov/downloads/sciweb1/shared/topo/downloads/GMTED/Global_tiles_GMTED/075darcsec/mea/E000/10S000E_20101117_gmted_mea075.tif
10N000E_20101117_gmted_mea075.tif,https://edcintl.cr.usgs.gov/downloads/sciweb1/shared/topo/downloads/GMTED/Global_tiles_GMTED/075darcsec/mea/E000/10N000E_20101117_gmted_mea075.tif
30N000E_20101117_gmted_mea075.tif,https://edcintl.cr.usgs.gov/downloads/sciweb1/shared/topo/downloads/GMTED/Global_tiles_GMTED/075darcsec/mea/E000/30N000E_20101117_gmted_mea075.tif
50N000E_20101117_gmted_mea075.tif,https://edcintl.cr.usgs.gov/downloads/sciweb1/shared/topo/downloads/GMTED/Global_tiles_GMTED/075darcsec/mea/E000/50N000E_20101117_gmted_mea075.tif
70N000E_20101117_gmted_mea075.tif,https://edcintl.cr.usgs.gov/downloads/sciweb1/shared/topo/downloads/GMTED/Global_tiles_GMTED/075darcsec/mea/E000/70N000E_20101117_gmted_mea075.tif
70S030E_20101117_gmted_mea075.tif,https://edcintl.cr.usgs.gov/downloads/sciweb1/shared/topo/downloads/GMTED/Global_tiles_GMTED/075darcsec/mea/E030/70S030E_20101117_gmted_mea075.tif
50S030E_20101117_gmted_mea075.tif,https://edcintl.cr.usgs.gov/downloads/sciweb1/shared/topo/downloads/GMTED/Global_tiles_GMTED/075darcsec/mea/E030/50S030E_20101117_gmted_mea075.tif
30S030E_20101117_gmted_mea075.tif,https://edcintl.cr.usgs.gov/downloads/sciweb1/shared/topo/downloads/GMTED/Global_tiles_GMTED/075darcsec/mea/E030/30S030E_20101117_gmted_mea075.tif
10S030E_20101117_gmted_mea075.tif,https://edcintl.cr.usgs.gov/downloads/sciweb1/shared/topo/downloads/GMTED/Global_tiles_GMTED/075darcsec/mea/E030/10S030E_20101117_gmted_mea075.tif
10N030E_20101117_gmted_mea075.tif,https://edcintl.cr.usgs.gov/downloads/sciweb1/shared/topo/downloads/GMTED/Global_tiles_GMTED/075darcsec/mea/E030/10N030E_20101117_gmted_mea075.tif
30N030E_20101117_gmted_mea075.tif,https://edcintl.cr.usgs.gov/downloads/sciweb1/shared/topo/downloads/GMTED/Global_tiles_GMTED/075darcsec/mea/E030/30N030E_20101117_gmted_mea075.tif
50N030E_20101117_gmted_mea075.tif,https://edcintl.cr.usgs.gov/downloads/sciweb1/shared/topo/downloads/GMTED/Global_tiles_GMTED/075darcsec/mea/E030/50N030E_20101117_gmted_mea075.tif
70N030E_20101117_gmted_mea075.tif,https://edcintl.cr.usgs.gov/downloads/sciweb1/shared/topo/downloads/GMTED/Global_tiles_GMTED/075darcsec/mea/E030/70N030E_20101117_gmted_mea075.tif
70S060E_20101117_gmted_mea075.tif,https://edcintl.cr.usgs.gov/downloads/sciweb1/shared/topo/downloads/GMTED/Global_tiles_GMTED/075darcsec/mea/E060/70S060E_20101117_gmted_mea075.tif
50S060E_20101117_gmted_mea075.tif,https://edcintl.cr.usgs.gov/downloads/sciweb1/shared/topo/downloads/GMTED/Global_tiles_GMTED/075darcsec/mea/E060/50S060E_20101117_gmted_mea075.tif
30S060E_20101117_gmted_mea075.tif,https://edcintl.cr.usgs.gov/downloads/sciweb1/shared/topo/downloads/GMTED/Global_tiles_GMTED/075darcsec/mea/E060/30S060E_20101117_gmted_mea075.tif
10S060E_20101117_gmted_mea075.tif,https://edcintl.cr.usgs.gov/downloads/sciweb1/shared/topo/downloads/GMTED/Global_tiles_GMTED/075darcsec/mea/E060/10S060E_20101117_gmted_mea075.tif
10N060E_20101117_gmted_mea075.tif,https://edcintl.cr.usgs.gov/downloads/sciweb1/shared/topo/downloads/GMTED/Global_tiles_GMTED/075darcsec/mea/E060/10N060E_20101117_gmted_mea075.tif
30N060E_20101117_gmted_mea075.tif,https://edcintl.cr.usgs.gov/downloads/sciweb1/shared/topo/downloads/GMTED/Global_tiles_GMTED/075darcsec/mea/E060/30N060E_20101117_gmted_mea075.tif
50N060E_20101117_gmted_mea075.tif,https://edcintl.cr.usgs.gov/downloads/sciweb1/shared/topo/downloads/GMTED/Global_tiles_GMTED/075darcsec/mea/E060/50N060E_20101117_gmted_mea075.tif
70N060E_20101117_gmted_mea075.tif,https://edcintl.cr.usgs.gov/downloads/sciweb1/shared/topo/downloads/GMTED/Global_tiles_GMTED/075darcsec/mea/E060/70N060E_20101117_gmted_mea075.tif
70S090E_20101117_gmted_mea075.tif,https://edcintl.cr.usgs.gov/downloads/sciweb1/shared/topo/downloads/GMTED/Global_tiles_GMTED/075darcsec/mea/E090/70S090E_20101117_gmted_mea075.tif
50S090E_20101117_gmted_mea075.tif,https://edcintl.cr.usgs.gov/downloads/sciweb1/shared/topo/downloads/GMTED/Global_tiles_GMTED/075darcsec/mea/E090/50S090E_20101117_gmted_mea075.tif
30S090E_20101117_gmted_mea075.tif,https://edcintl.cr.usgs.gov/downloads/sciweb1/shared/topo/downloads/GMTED/Global_tiles_GMTED/075darcsec/mea/E090/30S090E_20101117_gmted_mea075.tif
10S090E_20101117_gmted_mea075.tif,https://edcintl.cr.usgs.gov/downloads/sciweb1/shared/topo/downloads/GMTED/Global_tiles_GMTED/075darcsec/mea/E090/10S090E_20101117_gmted_mea075.tif
10N090E_20101117_gmted_mea075.tif,https://edcintl.cr.usgs.gov/downloads/sciweb1/shared/topo/downloads/GMTED/Global_tiles_GMTED/075darcsec/mea/E090/10N090E_20101117_gmted_mea075.tif
30N090E_20101117_gmted_mea075.tif,https://edcintl.cr.usgs.gov/downloads/sciweb1/shared/topo/downloads/GMTED/Global_tiles_GMTED/075darcsec/mea/E090/30N090E_20101117_gmted_mea075.tif
50N090E_20101117_gmted_mea075.tif,https://edcintl.cr.usgs.gov/downloads/sciweb1/shared/topo/downloads/GMTED/Global_tiles_GMTED/075darcsec/mea/E090/50N090E_20101117_gmted_mea075.tif
70N090E_20101117_gmted_mea075.tif,https://edcintl.cr.usgs.gov/downloads/sciweb1/shared/topo/downloads/GMTED/Global_tiles_GMTED/075darcsec/mea/E090/70N090E_20101117_gmted_mea075.tif
70S120E_20101117_gmted_mea075.tif,https://edcintl.cr.usgs.gov/downloads/sciweb1/shared/topo/downloads/GMTED/Global_tiles_GMTED/075darcsec/mea/E120/70S120E_20101117_gmted_mea075.tif
50S120E_20101117_gmted_mea075.tif,https://edcintl.cr.usgs.gov/downloads/sciweb1/shared/topo/downloads/GMTED/Global_tiles_GMTED/075darcsec/mea/E120/50S120E_20101117_gmted_mea075.tif
30S120E_20101117_gmted_mea075.tif,https://edcintl.cr.usgs.gov/downloads/sciweb1/shared/topo/downloads/GMTED/Global_tiles_GMTED/075darcsec/mea/E120/30S120E_20101117_gmted_mea075.tif
10S120E_20101117_gmted_mea075.tif,https://edcintl.cr.usgs.gov/downloads/sciweb1/shared/topo/downloads/GMTED/Global_tiles_GMTED/075darcsec/mea/E120/10S120E_20101117_gmted_mea075.tif
10N120E_20101117_gmted_mea075.tif,https://edcintl.cr.usgs.gov/downloads/sciweb1/shared/topo/downloads/GMTED/Global_tiles_GMTED/075darcsec/mea/E120/10N120E_20101117_gmted_mea075.tif
30N120E_20101117_gmted_mea075.tif,https://edcintl.cr.usgs.gov/downloads/sciweb1/shared/topo/downloads/GMTED/Global_tiles_GMTED/075darcsec/mea/E120/30N120E_20101117_gmted_mea075.tif
50N120E_20101117_gmted_mea075.tif,https://edcintl.cr.usgs.gov/downloads/sciweb1/shared/topo/downloads/GMTED/Global_tiles_GMTED/075darcsec/mea/E120/50N120E_20101117_gmted_mea075.tif
70N120E_20101117_gmted_mea075.tif,https://edcintl.cr.usgs.gov/downloads/sciweb1/shared/topo/downloads/GMTED/Global_tiles_GMTED/075darcsec/mea/E120/70N120E_20101117_gmted_mea075.tif
70S150E_20101117_gmted_mea075.tif,https://edcintl.cr.usgs.gov/downloads/sciweb1/shared/topo/downloads/GMTED/Global_tiles_GMTED/075darcsec/mea/E150/70S150E_20101117_gmted_mea075.tif
50S150E_20101117_gmted_mea075.tif,https://edcintl.cr.usgs.gov/downloads/sciweb1/shared/topo/downloads/GMTED/Global_tiles_GMTED/075darcsec/mea/E150/50S150E_20101117_gmted_mea075.tif
30S150E_20101117_gmted_mea075.tif,https://edcintl.cr.usgs.gov/downloads/sciweb1/shared/topo/downloads/GMTED/Global_tiles_GMTED/075darcsec/mea/E150/30S150E_20101117_gmted_mea075.tif
10S150E_20101117_gmted_mea075.tif,https://edcintl.cr.usgs.gov/downloads/sciweb1/shared/topo/downloads/GMTED/Global_tiles_GMTED/075darcsec/mea/E150/10S150E_20101117_gmted_mea075.tif
10N150E_20101117_gmted_mea075.tif,https://edcintl.cr.usgs.gov/downloads/sciweb1/shared/topo/downloads/GMTED/Global_tiles_GMTED/075darcsec/mea/E150/10N150E_20101117_gmted_mea075.tif
30N150E_20101117_gmted_mea075.tif,https://edcintl.cr.usgs.gov/downloads/sciweb1/shared/topo/downloads/GMTED/Global_tiles_GMTED/075darcsec/mea/E150/30N150E_20101117_gmted_mea075.tif
50N150E_20101117_gmted_mea075.tif,https://edcintl.cr.usgs.gov/downloads/sciweb1/shared/topo/downloads/GMTED/Global_tiles_GMTED/075darcsec/mea/E150/50N150E_20101117_gmted_mea075.tif
70N150E_20101117_gmted_mea075.tif,https://edcintl.cr.usgs.gov/downloads/sciweb1/shared/topo/downloads/GMTED/Global_tiles_GMTED/075darcsec/mea/E150/70N150E_20101117_gmted_mea075.tif